stage,epoch,elapsed_min,epoch_duration_min,learning_rate,lr,train_loss,val_diagnostic_weight_max,val_diagnostic_weight_mean,val_diagnostic_weight_min,val_global_count,val_global_fraction_below_10deg,val_global_fraction_below_1deg,val_global_fraction_below_2deg,val_global_fraction_below_5deg,val_global_mean_deg,val_global_median_deg,val_global_q68_deg,val_global_q84_deg,val_global_q90_deg,val_hybrid_loss_unweighted,val_hybrid_loss_weighted,val_kappa_mean,val_kappa_median,val_kappa_q68,val_kappa_q90,val_loge_2_2p5_count,val_loge_2_2p5_fraction_below_10deg,val_loge_2_2p5_fraction_below_1deg,val_loge_2_2p5_fraction_below_2deg,val_loge_2_2p5_fraction_below_5deg,val_loge_2_2p5_mean_deg,val_loge_2_2p5_median_deg,val_loge_2_2p5_q68_deg,val_loge_2_2p5_q84_deg,val_loge_2_2p5_q90_deg,val_loge_2p5_3_count,val_loge_2p5_3_fraction_below_10deg,val_loge_2p5_3_fraction_below_1deg,val_loge_2p5_3_fraction_below_2deg,val_loge_2p5_3_fraction_below_5deg,val_loge_2p5_3_mean_deg,val_loge_2p5_3_median_deg,val_loge_2p5_3_q68_deg,val_loge_2p5_3_q84_deg,val_loge_2p5_3_q90_deg,val_loge_3_3p5_count,val_loge_3_3p5_fraction_below_10deg,val_loge_3_3p5_fraction_below_1deg,val_loge_3_3p5_fraction_below_2deg,val_loge_3_3p5_fraction_below_5deg,val_loge_3_3p5_mean_deg,val_loge_3_3p5_median_deg,val_loge_3_3p5_q68_deg,val_loge_3_3p5_q84_deg,val_loge_3_3p5_q90_deg,val_loge_3p5_4_count,val_loge_3p5_4_fraction_below_10deg,val_loge_3p5_4_fraction_below_1deg,val_loge_3p5_4_fraction_below_2deg,val_loge_3p5_4_fraction_below_5deg,val_loge_3p5_4_mean_deg,val_loge_3p5_4_median_deg,val_loge_3p5_4_q68_deg,val_loge_3p5_4_q84_deg,val_loge_3p5_4_q90_deg,val_loge_4_4p5_count,val_loge_4_4p5_fraction_below_10deg,val_loge_4_4p5_fraction_below_1deg,val_loge_4_4p5_fraction_below_2deg,val_loge_4_4p5_fraction_below_5deg,val_loge_4_4p5_mean_deg,val_loge_4_4p5_median_deg,val_loge_4_4p5_q68_deg,val_loge_4_4p5_q84_deg,val_loge_4_4p5_q90_deg,val_loge_4p5_5_count,val_loge_4p5_5_fraction_below_10deg,val_loge_4p5_5_fraction_below_1deg,val_loge_4p5_5_fraction_below_2deg,val_loge_4p5_5_fraction_below_5deg,val_loge_4p5_5_mean_deg,val_loge_4p5_5_median_deg,val_loge_4p5_5_q68_deg,val_loge_4p5_5_q84_deg,val_loge_4p5_5_q90_deg,val_loge_5_5p5_count,val_loge_5_5p5_fraction_below_10deg,val_loge_5_5p5_fraction_below_1deg,val_loge_5_5p5_fraction_below_2deg,val_loge_5_5p5_fraction_below_5deg,val_loge_5_5p5_mean_deg,val_loge_5_5p5_median_deg,val_loge_5_5p5_q68_deg,val_loge_5_5p5_q84_deg,val_loge_5_5p5_q90_deg,val_loge_5p5_6_count,val_loge_5p5_6_fraction_below_10deg,val_loge_5p5_6_fraction_below_1deg,val_loge_5p5_6_fraction_below_2deg,val_loge_5p5_6_fraction_below_5deg,val_loge_5p5_6_mean_deg,val_loge_5p5_6_median_deg,val_loge_5p5_6_q68_deg,val_loge_5p5_6_q84_deg,val_loge_5p5_6_q90_deg,val_loss,val_macro_fraction_below_10deg,val_macro_fraction_below_1deg,val_macro_fraction_below_2deg,val_macro_fraction_below_5deg,val_macro_mean_deg,val_macro_median_deg,val_macro_number_of_bins,val_macro_q68_deg,val_macro_q84_deg,val_macro_q90_deg,val_objective_loss_unweighted,val_objective_loss_weighted,val_vmf_loss_unweighted,val_vmf_loss_weighted
stage_b,0,18.946157012666664,17.63640258981668,0.00019660652631578947,0.00019664842693600804,,3.3050689697265625,0.9991906881332397,0.6459178328514099,20525.0,0.48302069306373596,0.012667478993535042,0.04881851375102997,0.2226552963256836,19.40587043762207,10.465658187866211,17.413516998291016,33.257389068603516,47.47045135498047,0.3288704454898834,0.2985658347606659,44.710147857666016,15.238187789916992,28.315826416015625,88.11194610595703,6496.0,0.2943349778652191,0.0029248767532408237,0.016317734494805336,0.10144704580307007,27.236513137817383,16.754016876220703,27.07308578491211,48.24998092651367,65.82707214355469,4594.0,0.47692641615867615,0.010448411107063293,0.041793644428253174,0.20483238995075226,18.93048095703125,10.5783109664917,16.75290870666504,31.744873046875,45.908565521240234,3538.0,0.597230076789856,0.018937252461910248,0.06924816220998764,0.29169023036956787,14.892973899841309,8.065034866333008,12.524683952331543,23.354991912841797,35.10029602050781,2403.0,0.6292135119438171,0.020391177386045456,0.07948397845029831,0.3362463712692261,13.81590747833252,7.246994495391846,11.52851676940918,21.78546142578125,31.107826232910156,1589.0,0.6393958330154419,0.02328508533537388,0.07740717381238937,0.32347387075424194,14.144441604614258,7.269669055938721,11.33785343170166,21.328168869018555,33.111900329589844,972.0,0.6471193432807922,0.022633744403719902,0.08950617164373398,0.34567901492118835,13.09199047088623,7.067635536193848,10.895589828491211,19.97257423400879,28.840919494628906,589.0,0.587436318397522,0.016977928578853607,0.057724956423044205,0.31409168243408203,13.995851516723633,7.575470447540283,12.791470527648926,22.598237991333008,31.528444290161133,344.0,0.5668604373931885,0.023255813866853714,0.06976744532585144,0.2761628031730652,14.752891540527344,8.531009674072266,13.166888236999512,24.006765365600586,34.435096740722656,0.32887041568756104,0.5548146367073059,0.017356786876916885,0.06265615671873093,0.2742029130458832,16.35763168334961,9.136017799377441,8.0,14.508874893188477,26.630130767822266,38.232513427734375,0.3288704454898834,0.2985658347606659,-0.19651708006858826,-0.2584689259529114
stage_b,1,36.542829471000005,17.58775464591666,0.00018986147368421055,0.00018990336684510112,0.32253775000572205,3.3050689697265625,0.9991906881332397,0.6459178328514099,20525.0,0.5267722010612488,0.019342266023159027,0.06694275140762329,0.27186357975006104,17.4816837310791,9.31922721862793,15.467535972595215,29.731639862060547,42.30734634399414,0.28376156091690063,0.2558079659938812,56.890533447265625,19.477724075317383,36.11623001098633,110.47571563720703,6496.0,0.3352832496166229,0.006465517450124025,0.025092365220189095,0.12961822748184204,24.88458824157715,15.107250213623047,24.56365394592285,43.59859085083008,59.828025817871094,4594.0,0.5306922197341919,0.01784936897456646,0.06312581896781921,0.26469308137893677,16.773733139038086,9.268594741821289,14.8707914352417,28.07761573791504,40.66954040527344,3538.0,0.6379310488700867,0.029960429295897484,0.09129451960325241,0.35302430391311646,13.48954963684082,7.127063751220703,11.322301864624023,21.176321029663086,31.843807220458984,2403.0,0.6779026389122009,0.03454015776515007,0.10986267030239105,0.401581346988678,12.360028266906738,6.249781131744385,10.077024459838867,18.809877395629883,28.066282272338867,1589.0,0.6601636409759521,0.020767778158187866,0.07929515093564987,0.37822529673576355,12.383139610290527,6.7030792236328125,10.56511116027832,18.154254913330078,27.128326416015625,972.0,0.6923868060112,0.02572016417980194,0.11728394776582718,0.395061731338501,11.144859313964844,6.3686957359313965,9.521677017211914,17.011791229248047,24.268342971801758,589.0,0.6349745392799377,0.02546689286828041,0.10016977787017822,0.37181663513183594,12.503212928771973,6.8309125900268555,11.329318046569824,19.258277893066406,27.036378860473633,344.0,0.6220930218696594,0.031976744532585144,0.10174418240785599,0.302325576543808,13.957991600036621,7.479081153869629,11.788607597351074,22.89488983154297,35.95527648925781,0.283761590719223,0.5989283919334412,0.0240933820605278,0.08598355203866959,0.3245432674884796,14.687137603759766,8.141807556152344,8.0,13.004810333251953,23.62270164489746,34.3494987487793,0.28376156091690063,0.2558079659938812,-0.4270271062850952,-0.48243337869644165
stage_b,2,54.074051262299996,17.522222898583337,0.0001831164210526316,0.00018315832130610943,0.2712242901325226,3.3050689697265625,0.9991906881332397,0.6459178328514099,20525.0,0.537442147731781,0.018172960728406906,0.06133982911705971,0.27113276720046997,16.901968002319336,9.097075462341309,15.217650413513184,28.175331115722656,40.64661407470703,0.2698707580566406,0.24408939480781555,65.27670288085938,22.977468490600586,42.97121047973633,129.40000915527344,6496.0,0.3459051847457886,0.007235221564769745,0.024168718606233597,0.13115763664245605,24.192445755004883,15.079524993896484,24.0543212890625,42.683738708496094,57.828041076660156,4594.0,0.5472355484962463,0.017414018511772156,0.059643011540174484,0.26686984300613403,16.077043533325195,8.972291946411133,14.185210227966309,26.321931838989258,37.88227462768555,3538.0,0.6382136940956116,0.026003392413258553,0.08762012422084808,0.35387223958969116,13.0289888381958,7.155586242675781,11.208135604858398,19.94105339050293,29.555391311645508,2403.0,0.6824802160263062,0.029130253940820694,0.09113608300685883,0.38784852623939514,12.011554718017578,6.337347984313965,9.980721473693848,18.006834030151367,27.047082901000977,1589.0,0.6777847409248352,0.03020767867565155,0.09502831846475601,0.3700440526008606,11.777752876281738,6.536665439605713,10.092382431030273,17.739988327026367,24.213178634643555,972.0,0.7088477611541748,0.017489712685346603,0.08950617164373398,0.4125514328479767,10.851988792419434,6.039003849029541,9.17606258392334,16.539031982421875,22.288349151611328,589.0,0.657045841217041,0.011884549632668495,0.06281833350658417,0.3599320948123932,11.975434303283691,6.805027008056641,10.839181900024414,19.921003341674805,25.928314208984375,344.0,0.6366279125213623,0.03488372266292572,0.06976744532585144,0.29651162028312683,13.441825866699219,7.331315994262695,11.185449600219727,20.839162826538086,28.829015731811523,0.2698707580566406,0.611767590045929,0.021781068295240402,0.07246102392673492,0.322348415851593,14.169629096984863,8.032095909118652,8.0,12.59018325805664,22.749094009399414,31.696456909179688,0.2698707580566406,0.24408939480781555,-0.502484917640686,-0.5229628682136536
stage_b,3,71.58956287218334,17.506284010300018,0.00017637136842105265,0.0001764132612152025,0.2405618280172348,3.3050689697265625,0.9991906881332397,0.6459178328514099,20525.0,0.5380755066871643,0.014518879354000092,0.052862364798784256,0.2565164566040039,16.910446166992188,9.090320587158203,14.930282592773438,28.103002548217773,40.5193977355957,0.2677342891693115,0.24284793436527252,76.19859313964844,27.590776443481445,50.852134704589844,151.0982666015625,6496.0,0.3495997488498688,0.006465517450124025,0.022013546898961067,0.12469211965799332,24.0770206451416,14.606067657470703,23.708202362060547,42.790245056152344,57.57493591308594,4594.0,0.5444057583808899,0.015237266197800636,0.0557248592376709,0.25250327587127686,16.207624435424805,8.91856575012207,13.946700096130371,26.44586753845215,38.64830780029297,3538.0,0.6512153744697571,0.01808931678533554,0.06755229085683823,0.34200114011764526,12.962984085083008,6.943727016448975,10.87186336517334,19.77004623413086,28.870450973510742,2403.0,0.6683312654495239,0.01789429970085621,0.07116104662418365,0.3620474338531494,12.354289054870605,6.528834819793701,10.22856330871582,18.782625198364258,26.638654708862305,1589.0,0.685336709022522,0.022655759006738663,0.07740717381238937,0.3536815643310547,11.718743324279785,6.813418388366699,9.848350524902344,17.62270164489746,24.04849624633789,972.0,0.6831275820732117,0.02469135820865631,0.08539094775915146,0.3683127462863922,10.918516159057617,6.414831161499023,9.948384284973145,17.04713249206543,22.75630760192871,589.0,0.6587436199188232,0.02546689286828041,0.07640068233013153,0.3259762227535248,12.012720108032227,7.101243019104004,10.464144706726074,18.391345977783203,25.643312454223633,344.0,0.6424418687820435,0.011627906933426857,0.07267441600561142,0.2994185984134674,12.688883781433105,7.486999988555908,10.994996070861816,18.42264747619629,28.536170959472656,0.26773422956466675,0.6104002594947815,0.017766039818525314,0.06604062020778656,0.3035791516304016,14.117597579956055,8.10171127319336,8.0,12.501399993896484,22.409076690673828,31.58957862854004,0.2677342891693115,0.24284793436527252,-0.5481736660003662,-0.5474968552589417
stage_b,4,89.13584816539999,17.538830349266632,0.0001696263157894737,0.00016966821567621082,0.2223762571811676,3.3050689697265625,0.9991906881332397,0.6459178328514099,20525.0,0.5606821179389954,0.016662606969475746,0.06543239951133728,0.2855542004108429,16.07497787475586,8.581732749938965,14.06575870513916,26.749713897705078,38.24049758911133,0.24692390859127045,0.2216159999370575,80.19520568847656,30.222841262817383,55.732208251953125,161.9327392578125,6496.0,0.37068966031074524,0.006003694608807564,0.026323892176151276,0.1447044312953949,22.89200210571289,13.760224342346191,21.918691635131836,39.825828552246094,55.07915496826172,4594.0,0.5626904368400574,0.01349586434662342,0.06051371246576309,0.27579450607299805,15.695504188537598,8.654930114746094,13.740148544311523,25.344945907592773,36.70625686645508,3538.0,0.6724137663841248,0.01921989768743515,0.08196721225976944,0.36489543318748474,12.400507926940918,6.633053302764893,10.242231369018555,18.77569580078125,28.309877395629883,2403.0,0.7062005996704102,0.029130253940820694,0.10570120811462402,0.41198500990867615,10.976832389831543,6.006871700286865,9.190842628479004,16.91383934020996,24.899803161621094,1589.0,0.6985525488853455,0.036500945687294006,0.11453744769096375,0.39836373925209045,11.233789443969727,6.08778190612793,9.420007705688477,15.970524787902832,24.04107666015625,972.0,0.7211934328079224,0.02572016417980194,0.09567901492118835,0.41872426867485046,10.409153938293457,5.923742294311523,9.005789756774902,14.85185718536377,21.327407836914062,589.0,0.6977928876876831,0.02207130752503872,0.0814940556883812,0.3752122223377228,11.038177490234375,6.484151363372803,9.520978927612305,16.751880645751953,22.99228286743164,344.0,0.6308139562606812,0.020348837599158287,0.07848837226629257,0.3255814015865326,12.81204891204834,7.570428848266602,11.509117126464844,20.81498146057129,27.369218826293945,0.24692389369010925,0.6325433850288391,0.02156137116253376,0.08058811724185944,0.33940762281417847,13.432251930236816,7.640148162841797,8.0,11.818475723266602,21.15619468688965,30.090635299682617,0.24692390859127045,0.2216159999370575,-0.6727479100227356,-0.7012160420417786
stage_b,5,106.65113550394999,17.499570288333295,0.00016288126315789476,0.0001629231555853039,0.20568819344043732,3.3050689697265625,0.9991906881332397,0.6459178328514099,20525.0,0.589622437953949,0.024165650829672813,0.084482342004776,0.33105969429016113,15.060523986816406,7.800632953643799,13.145235061645508,25.397754669189453,36.59196853637695,0.21952439844608307,0.19166739284992218,92.83895111083984,34.22296142578125,63.90190887451172,190.19384765625,6496.0,0.39162561297416687,0.008774630725383759,0.032943349331617355,0.16733373701572418,21.90582847595215,13.179018020629883,21.3350772857666,39.36266326904297,53.49152374267578,4594.0,0.6012189984321594,0.023073574528098106,0.07683935761451721,0.3265128433704376,14.450424194335938,7.767305374145508,12.5353422164917,24.053329467773438,34.55351638793945,3538.0,0.7040700912475586,0.03363482281565666,0.12153758853673935,0.43131712079048157,11.39023494720459,5.864076614379883,9.38010311126709,17.290422439575195,26.4254150390625,2403.0,0.7315855026245117,0.0387016236782074,0.12942156195640564,0.4569288492202759,10.374091148376465,5.5177130699157715,8.656014442443848,15.745678901672363,23.74072265625,1589.0,0.7369414567947388,0.039647575467824936,0.12397734075784683,0.44933921098709106,10.250548362731934,5.638798713684082,8.393047332763672,14.332538604736328,21.468669891357422,972.0,0.7520576119422913,0.040123455226421356,0.13374485075473785,0.48456791043281555,9.288321495056152,5.118649482727051,8.034131050109863,13.75961685180664,19.943403244018555,589.0,0.7045840620994568,0.02546689286828041,0.12563666701316833,0.4346349835395813,10.074628829956055,5.749815464019775,9.305710792541504,15.941404342651367,21.242813110351562,344.0,0.6686046719551086,0.011627906933426857,0.07267441600561142,0.4156976640224457,11.493703842163086,6.530332565307617,10.509509086608887,18.75609016418457,26.1541748046875,0.21952436864376068,0.6613360047340393,0.027631310746073723,0.10209689289331436,0.39579153060913086,12.403472900390625,6.920713424682617,8.0,11.018616676330566,19.90521812438965,28.37752914428711,0.21952439844608307,0.19166739284992218,-0.8666266202926636,-0.9473211765289307
stage_b,6,124.14861428581668,17.488125091516668,0.0001561362105263158,0.0001561781100463122,0.1871011108160019,3.3050689697265625,0.9991906881332397,0.6459178328514099,20525.0,0.5874786972999573,0.02367844060063362,0.08584652841091156,0.33096224069595337,15.16593074798584,7.811936855316162,13.253216743469238,25.49051856994629,37.417415618896484,0.22156697511672974,0.19331815838813782,91.61024475097656,35.32811737060547,66.1385269165039,188.37887573242188,6496.0,0.38793104887008667,0.009082511998713017,0.03155788034200668,0.16533251106739044,22.092683792114258,13.269222259521484,21.414878845214844,39.34814453125,53.745052337646484,4594.0,0.5970831513404846,0.021549846976995468,0.07771005481481552,0.31954723596572876,14.556676864624023,7.751000881195068,12.592353820800781,23.927701950073242,35.38652038574219,3538.0,0.7020915746688843,0.03335217759013176,0.11871113628149033,0.4219898283481598,11.466175079345703,6.028655529022217,9.430992126464844,17.5584659576416,26.240636825561523,2403.0,0.7286725044250488,0.036620888859033585,0.14190594851970673,0.48231378197669983,10.41724681854248,5.190870761871338,8.467254638671875,16.452465057373047,23.316410064697266,1589.0,0.7388294339179993,0.03272498399019241,0.11768408119678497,0.45311516523361206,10.257303237915039,5.590667724609375,8.562788009643555,15.100655555725098,21.28119659423828,972.0,0.7469135522842407,0.045267488807439804,0.1563785970211029,0.5041152238845825,9.313003540039062,4.923932075500488,8.12644100189209,14.362793922424316,19.369365692138672,589.0,0.7232597470283508,0.033955857157707214,0.11544991284608841,0.4363327622413635,10.224939346313477,5.908191204071045,8.721263885498047,15.104011535644531,22.231338500976562,344.0,0.680232584476471,0.01744186133146286,0.09302325546741486,0.38372093439102173,11.394564628601074,6.379841327667236,10.000762939453125,17.502321243286133,24.45990562438965,0.22156697511672974,0.6631267070770264,0.028749452903866768,0.1065526083111763,0.3958084285259247,12.465324401855469,6.880297660827637,8.0,10.914591789245605,19.919570922851562,28.253803253173828,0.22156697511672974,0.19331815838813782,-0.8625690937042236,-0.9430595636367798
stage_b,7,141.64127595260004,17.487211238066628,0.00014939115789473686,0.0001494330499554053,0.18006858229637146,3.3050689697265625,0.9991906881332397,0.6459178328514099,20525.0,0.5917174220085144,0.019926918670535088,0.07444579899311066,0.3219001293182373,15.087495803833008,7.8092942237854,12.993306159973145,24.708345413208008,36.5604248046875,0.21871282160282135,0.1914539784193039,102.96681213378906,39.26021957397461,75.15296936035156,216.13772583007812,6496.0,0.3951662480831146,0.008004926145076752,0.03556034341454506,0.1641009896993637,22.097492218017578,13.016106605529785,21.04953956604004,39.6690673828125,53.661399841308594,4594.0,0.5977361798286438,0.01719634234905243,0.06835002452135086,0.3051806688308716,14.511228561401367,7.806198596954346,12.673527717590332,23.334888458251953,33.83850860595703,3538.0,0.7037874460220337,0.028547201305627823,0.10146975517272949,0.4137931168079376,11.374595642089844,6.051845550537109,9.37895393371582,17.43282699584961,25.170494079589844,2403.0,0.7278401851654053,0.031210986897349358,0.10694964975118637,0.4615064561367035,10.190908432006836,5.436924934387207,8.401643753051758,15.370060920715332,22.795021057128906,1589.0,0.7495279908180237,0.035242289304733276,0.11202013492584229,0.44745123386383057,10.074237823486328,5.507686138153076,8.259620666503906,14.048351287841797,20.30428123474121,972.0,0.7602880597114563,0.02674897201359272,0.11316872388124466,0.4969135820865631,9.343682289123535,5.005210876464844,8.015390396118164,13.298638343811035,19.07914924621582,589.0,0.7368420958518982,0.02207130752503872,0.09168081730604172,0.42954158782958984,9.595444679260254,5.7164998054504395,8.368380546569824,14.281647682189941,20.700944900512695,344.0,0.6656976938247681,0.020348837599158287,0.07267441600561142,0.34593021869659424,11.590558052062988,6.864751815795898,10.218829154968262,17.792333602905273,27.9542293548584,0.21871282160282135,0.6671107411384583,0.023671358823776245,0.08773422986268997,0.3830522298812866,12.347268104553223,6.925652980804443,8.0,10.795735359191895,19.40347671508789,27.938003540039062,0.21871282160282135,0.1914539784193039,-0.8922733068466187,-0.944182276725769
stage_b,8,159.17712552176667,17.52619597618335,0.0001426461052631579,0.0001426880044164136,0.17065131664276123,3.3050689697265625,0.9991906881332397,0.6459178328514099,20525.0,0.5941534638404846,0.02099878154695034,0.0783434808254242,0.3265773355960846,14.820865631103516,7.786956310272217,12.977243423461914,24.892244338989258,35.96354675292969,0.21173132956027985,0.18471713364124298,110.80643463134766,43.84037399291992,82.54954528808594,234.95492553710938,6496.0,0.39793717861175537,0.008004926145076752,0.031711824238300323,0.16056033968925476,21.582609176635742,12.881641387939453,21.279367446899414,38.6120491027832,52.8140869140625,4594.0,0.6018720269203186,0.02002612128853798,0.0694383978843689,0.3134523332118988,14.214856147766113,7.78224515914917,12.585591316223145,23.40422248840332,33.15081024169922,3538.0,0.7009609937667847,0.02967778407037258,0.11192764341831207,0.4265121519565582,11.40324878692627,5.969264984130859,9.34314250946045,17.015031814575195,25.8132381439209,2403.0,0.737827718257904,0.03329171985387802,0.11319184303283691,0.4789845943450928,9.932550430297852,5.175997257232666,8.398836135864258,15.444913864135742,21.80221176147461,1589.0,0.7413467764854431,0.03209565579891205,0.1189427301287651,0.449968546628952,10.000419616699219,5.611235618591309,8.593122482299805,14.21064281463623,20.41267967224121,972.0,0.7520576119422913,0.02469135820865631,0.13991770148277283,0.4711934030056,9.339832305908203,5.311015605926514,7.998346328735352,14.276046752929688,19.666820526123047,589.0,0.7521222233772278,0.032258063554763794,0.11035653948783875,0.43803057074546814,9.710514068603516,5.575099945068359,8.518060684204102,14.979796409606934,20.841629028320312,344.0,0.6976743936538696,0.023255813866853714,0.07267441600561142,0.375,11.027600288391113,6.456714630126953,9.631037712097168,18.030677795410156,25.1026554107666,0.21173131465911865,0.6727248430252075,0.025412680581212044,0.09602013975381851,0.3892127573490143,12.151453971862793,6.845401763916016,8.0,10.793437957763672,19.496671676635742,27.450515747070312,0.21173132956027985,0.18471713364124298,-0.9388311505317688,-1.0036015510559082
stage_b,9,176.73815733153333,17.550800918783292,0.00013590105263157898,0.0001359429443255067,0.16228845715522766,3.3050689697265625,0.9991906881332397,0.6459178328514099,20525.0,0.6056516170501709,0.023580998182296753,0.0888185128569603,0.3450913429260254,14.579374313354492,7.494379997253418,12.545058250427246,24.232227325439453,35.50493240356445,0.20333713293075562,0.172710120677948,113.81922912597656,45.248775482177734,86.73980712890625,244.10301208496094,6496.0,0.408559113740921,0.009082511998713017,0.03586822748184204,0.17472290992736816,21.643661499023438,12.744354248046875,20.999897003173828,38.85498809814453,52.71311950683594,4594.0,0.6142795085906982,0.020896822214126587,0.08293426036834717,0.33957335352897644,13.916166305541992,7.488894462585449,12.044330596923828,22.825777053833008,33.34941864013672,3538.0,0.7142453193664551,0.03306953236460686,0.11786320060491562,0.4352741539478302,10.981186866760254,5.7786359786987305,8.946120262145996,16.655534744262695,24.220321655273438,2403.0,0.7440699338912964,0.038285475224256516,0.1327507346868515,0.4856429398059845,9.730024337768555,5.185891628265381,8.224194526672363,14.962983131408691,21.403047561645508,1589.0,0.7558212876319885,0.03461296483874321,0.11957205832004547,0.47199496626853943,9.468317031860352,5.37198543548584,8.13701057434082,13.391448020935059,19.73911476135254,972.0,0.7736625671386719,0.040123455226421356,0.1594650149345398,0.5185185074806213,8.805837631225586,4.835597991943359,7.327547550201416,13.039520263671875,18.027393341064453,589.0,0.7487266659736633,0.028862478211522102,0.1561969369649887,0.4821731746196747,9.03575325012207,5.244272232055664,7.900174140930176,14.190868377685547,18.901599884033203,344.0,0.7151162624359131,0.02616279013454914,0.10465116053819656,0.4156976640224457,10.332544326782227,6.186146259307861,9.29118537902832,16.903749465942383,22.774938583374023,0.20333713293075562,0.6843100786209106,0.028887003660202026,0.11366269737482071,0.41544970870018005,11.73918628692627,6.6044721603393555,8.0,10.358807563781738,18.85310935974121,26.3911190032959,0.20333713293075562,0.172710120677948,-1.0224190950393677,-1.1310615539550781
stage_b,10,194.24867703510003,17.50291755753333,0.000129156,0.000129197898786515,0.15732645988464355,3.3050689697265625,0.9991906881332397,0.6459178328514099,20525.0,0.6057003736495972,0.02645554207265377,0.09661388397216797,0.34835565090179443,14.685260772705078,7.457012176513672,12.755654335021973,24.504470825195312,36.63789749145508,0.20501931011676788,0.1754634529352188,119.04764556884766,45.844886779785156,89.3076400756836,255.3975067138672,6496.0,0.40501847863197327,0.00831280741840601,0.03432881832122803,0.17318350076675415,21.832487106323242,13.031150817871094,21.2388973236084,39.69283676147461,52.9742431640625,4594.0,0.6099259853363037,0.021985197439789772,0.08511101454496384,0.32673051953315735,14.135241508483887,7.657301902770996,12.349081993103027,23.286548614501953,34.151527404785156,3538.0,0.717354416847229,0.04126625135540962,0.13425664603710175,0.4471452832221985,10.961343765258789,5.623862266540527,9.049023628234863,16.89373016357422,24.6036319732666,2403.0,0.7519766688346863,0.04494382068514824,0.15896795690059662,0.5018726587295532,9.605487823486328,4.9623260498046875,7.750559329986572,14.675445556640625,21.422544479370117,1589.0,0.7646318674087524,0.040906231850385666,0.15166771411895752,0.5003146529197693,9.357497215270996,4.997664928436279,7.821089267730713,13.56193733215332,19.461061477661133,972.0,0.7798354029655457,0.043209876865148544,0.1738683134317398,0.5102880597114563,8.890892028808594,4.815038681030273,7.584831237792969,12.767369270324707,19.293121337890625,589.0,0.7487266659736633,0.037351444363594055,0.13412563502788544,0.5178267955780029,9.511691093444824,4.784818649291992,8.103267669677734,14.44167423248291,20.30714225769043,344.0,0.6976743936538696,0.014534884132444859,0.06686046719551086,0.40697672963142395,10.689624786376953,6.281754493713379,9.448542594909668,16.509321212768555,22.209436416625977,0.20501931011676788,0.6843929886817932,0.03156381472945213,0.11739832162857056,0.42304226756095886,11.873032569885254,6.519239902496338,8.0,10.418161392211914,18.978609085083008,26.802839279174805,0.20501931011676788,0.1754634529352188,-1.025736689567566,-1.1115230321884155
stage_b,11,211.73830079408333,17.48248266031666,0.00012241094736842106,0.00012245283869560808,0.15310564637184143,3.3050689697265625,0.9991906881332397,0.6459178328514099,20525.0,0.6129111051559448,0.024068210273981094,0.09018270671367645,0.3509378731250763,14.346789360046387,7.334203243255615,12.268636703491211,23.925039291381836,35.32844161987305,0.19818714261054993,0.17096857726573944,126.06672668457031,49.2631950378418,96.1071548461914,271.8620910644531,6496.0,0.41717979311943054,0.01062192115932703,0.03709975257515907,0.17456896603107452,21.177125930786133,12.256071090698242,20.617155075073242,38.415313720703125,51.85248565673828,4594.0,0.618632972240448,0.021767523139715195,0.08663474023342133,0.34044405817985535,13.719064712524414,7.445469856262207,11.914867401123047,22.29119873046875,33.07475662231445,3538.0,0.7269644141197205,0.03165630251169205,0.1153193861246109,0.45279818773269653,10.883647918701172,5.562904357910156,8.833956718444824,16.78628921508789,25.12179183959961,2403.0,0.750312089920044,0.03703703731298447,0.14107365906238556,0.492717444896698,9.461615562438965,5.092440605163574,7.833012580871582,14.562867164611816,20.63730239868164,1589.0,0.7621145248413086,0.040906231850385666,0.13278791308403015,0.49150410294532776,9.315549850463867,5.091080188751221,7.655593395233154,13.671700477600098,19.49240493774414,972.0,0.7767489552497864,0.03600823134183884,0.15432098507881165,0.5216049551963806,8.924607276916504,4.800305366516113,7.523015975952148,12.97490119934082,18.25354766845703,589.0,0.7436332702636719,0.02546689286828041,0.12563666701316833,0.4855687618255615,9.368080139160156,5.177515029907227,8.20952320098877,14.578118324279785,20.863460540771484,344.0,0.7238371968269348,0.02616279013454914,0.0872092992067337,0.42151162028312683,10.576531410217285,5.856040954589844,8.979951858520508,17.706022262573242,23.192182540893555,0.19818715751171112,0.6899279356002808,0.028703365474939346,0.1100103035569191,0.4225897490978241,11.678277969360352,6.410228729248047,8.0,10.195884704589844,18.873300552368164,26.560991287231445,0.19818714261054993,0.17096857726573944,-1.0442314147949219,-1.1094913482666016
stage_b,12,229.19560424851667,17.44896711349999,0.00011566589473684211,0.00011570778588065878,0.14583463966846466,3.3050689697265625,0.9991906881332397,0.6459178328514099,20525.0,0.6191961169242859,0.030548112466931343,0.10401948541402817,0.36799025535583496,14.088983535766602,7.132839202880859,12.11606216430664,23.857446670532227,34.471717834472656,0.18919193744659424,0.16045279800891876,138.2258758544922,52.44797134399414,104.29183959960938,302.9718017578125,6496.0,0.4204125702381134,0.012623152695596218,0.039716750383377075,0.18503694236278534,20.975345611572266,12.15102767944336,20.02448272705078,37.6224365234375,51.991310119628906,4594.0,0.623421847820282,0.026121027767658234,0.0944710522890091,0.3545929491519928,13.374139785766602,7.280364990234375,11.681258201599121,22.091039657592773,31.47642707824707,3538.0,0.7303561568260193,0.04381006211042404,0.14414924383163452,0.46636518836021423,10.658432006835938,5.370669364929199,8.524327278137207,16.58791732788086,24.287281036376953,2403.0,0.7640449404716492,0.047024551779031754,0.1618809849023819,0.5226799845695496,9.270484924316406,4.744460582733154,7.398149013519287,13.911906242370605,20.111635208129883,1589.0,0.7747010588645935,0.045311518013477325,0.15670232474803925,0.5235997438430786,9.010842323303223,4.629934787750244,7.445943355560303,13.553988456726074,20.445859909057617,972.0,0.7880658507347107,0.05041152238845825,0.16563786566257477,0.556584358215332,8.44213581085205,4.384224891662598,6.985222816467285,12.883891105651855,17.574434280395508,589.0,0.7623090147972107,0.0407470278441906,0.15110357105731964,0.5076400637626648,9.022419929504395,4.924905300140381,7.512423515319824,14.00733470916748,18.70705795288086,344.0,0.7209302186965942,0.03488372266292572,0.13081395626068115,0.41860464215278625,10.625127792358398,5.845973968505859,8.698792457580566,15.741397857666016,24.536663055419922,0.18919198215007782,0.6980302333831787,0.03761657327413559,0.13055945932865143,0.4418879747390747,11.42236614227295,6.166445255279541,8.0,9.783824920654297,18.299989700317383,26.141332626342773,0.18919193744659424,0.16045279800891876,-1.1341438293457031,-1.229042410850525
stage_b,13,246.70435110621668,17.498072477183328,0.00010892084210526317,0.00010896274034166709,0.13944977521896362,3.3050689697265625,0.9991906881332397,0.6459178328514099,20525.0,0.6238733530044556,0.027186358347535133,0.10060901194810867,0.3663824498653412,13.997669219970703,7.088850498199463,12.039978981018066,23.396116256713867,34.363216400146484,0.18659065663814545,0.15662504732608795,140.00186157226562,54.7864875793457,106.26217651367188,304.0043640136719,6496.0,0.42733991146087646,0.010929803363978863,0.03771551698446274,0.18318966031074524,20.73211097717285,12.01761245727539,20.30408477783203,37.304283142089844,50.78783416748047,4594.0,0.6218981146812439,0.021767523139715195,0.0896821916103363,0.35241618752479553,13.517653465270996,7.242226600646973,11.962594032287598,22.41046905517578,32.13837814331055,3538.0,0.7314867377281189,0.03702656924724579,0.13877896964550018,0.46806105971336365,10.56283187866211,5.431660175323486,8.501571655273438,15.99530029296875,23.757017135620117,2403.0,0.7665418386459351,0.049105286598205566,0.16271327435970306,0.5197669863700867,9.154704093933105,4.761294841766357,7.664465427398682,13.98187255859375,20.46109962463379,1589.0,0.7860289216041565,0.03272498399019241,0.14915041625499725,0.5091252326965332,9.128849983215332,4.915487289428711,7.409372806549072,12.599974632263184,18.653682708740234,972.0,0.798353910446167,0.05041152238845825,0.14814814925193787,0.5534979701042175,8.472400665283203,4.445528984069824,6.777012348175049,12.376137733459473,17.152639389038086,589.0,0.7962648272514343,0.04414261505007744,0.17487266659736633,0.5297113656997681,8.457236289978027,4.711593151092529,7.312433242797852,12.556719779968262,19.48160171508789,344.0,0.7209302186965942,0.031976744532585144,0.12209302186965942,0.427325576543808,9.98249340057373,5.681090354919434,8.530986785888672,14.596076011657715,23.920352935791016,0.18659067153930664,0.7061055898666382,0.03476063162088394,0.12789428234100342,0.44288673996925354,11.251035690307617,6.150811672210693,8.0,9.807815551757812,17.727603912353516,25.79407501220703,0.18659065663814545,0.15662504732608795,-1.1542952060699463,-1.2664414644241333
stage_b,14,264.2588683680833,17.543065310516674,0.00010217578947368421,0.00010221768752671778,0.13605909049510956,3.3050689697265625,0.9991906881332397,0.6459178328514099,20525.0,0.6197807788848877,0.03064555488526821,0.10479902476072311,0.3636053502559662,13.949397087097168,7.16697883605957,12.061038970947266,23.321870803833008,34.054420471191406,0.1854066103696823,0.1545315682888031,140.46652221679688,55.26375198364258,108.49028015136719,309.76123046875,6496.0,0.42657020688056946,0.011083743534982204,0.03987069055438042,0.18288177251815796,20.689842224121094,12.125144958496094,20.056249618530273,37.38459396362305,49.75147247314453,4594.0,0.6205920577049255,0.025250326842069626,0.09577710181474686,0.3408794105052948,13.518969535827637,7.3663740158081055,11.81571102142334,21.944717407226562,31.51963233947754,3538.0,0.723289966583252,0.04183154180645943,0.13199548423290253,0.4652346074581146,10.475266456604004,5.447549819946289,8.805252075195312,16.043733596801758,23.20364761352539,2403.0,0.7582188844680786,0.042863089591264725,0.16312941908836365,0.5156055092811584,9.276871681213379,4.78817081451416,7.8770060539245605,14.171080589294434,21.039894104003906,1589.0,0.7828823328018188,0.049716804176568985,0.16928885877132416,0.52297043800354,8.969600677490234,4.799877166748047,7.361319065093994,13.291735649108887,19.736101150512695,972.0,0.7860082387924194,0.0555555559694767,0.1800411492586136,0.5545267462730408,8.078229904174805,4.465995788574219,6.787209987640381,12.50507926940918,17.360904693603516,589.0,0.7792869210243225,0.07470288872718811,0.1799660474061966,0.5229201912879944,8.380871772766113,4.814280033111572,7.451450824737549,12.611854553222656,18.27314567565918,344.0,0.729651153087616,0.037790697067976,0.125,0.4244185984134674,9.910229682922363,6.087080001831055,8.772282600402832,15.844666481018066,22.448396682739258,0.1854066103696823,0.7008124589920044,0.042349331080913544,0.13563358783721924,0.44117966294288635,11.162485122680664,6.236808776855469,8.0,9.86581039428711,17.974681854248047,25.416648864746094,0.1854066103696823,0.1545315682888031,-1.161125659942627,-1.2854973077774048
stage_b,15,281.74194523754994,17.477241814649947,9.543073684210527e-05,9.547263471176848e-05,0.13063566386699677,3.3050689697265625,0.9991906881332397,0.6459178328514099,20525.0,0.6243118047714233,0.02840438485145569,0.1014372706413269,0.3706212043762207,13.817974090576172,7.093705177307129,11.906781196594238,23.20879364013672,33.626869201660156,0.18257123231887817,0.15242654085159302,141.15872192382812,54.90099334716797,108.49942779541016,313.8500671386719,6496.0,0.434421181678772,0.009390394203364849,0.03663793206214905,0.18688423931598663,20.521881103515625,11.917318344116211,19.97785186767578,36.73849868774414,49.428863525390625,4594.0,0.6260339617729187,0.030474532395601273,0.09403569996356964,0.3537222445011139,13.316914558410645,7.187211036682129,11.801033973693848,22.103164672851562,31.49846839904785,3538.0,0.7328999638557434,0.03702656924724579,0.13086488842964172,0.4762577712535858,10.419183731079102,5.289883613586426,8.366960525512695,16.11905860900879,23.566247940063477,2403.0,0.7640449404716492,0.044111527502536774,0.1614648401737213,0.5185185074806213,9.09145450592041,4.792908668518066,7.703368186950684,13.76407527923584,20.339426040649414,1589.0,0.7702957987785339,0.038388922810554504,0.15670232474803925,0.5223410725593567,8.934021949768066,4.749712944030762,7.399496555328369,12.8411283493042,18.88684844970703,972.0,0.7911522388458252,0.05041152238845825,0.1697530895471573,0.5534979701042175,8.165103912353516,4.4433488845825195,6.621696472167969,11.671880722045898,16.83970069885254,589.0,0.7572156190872192,0.04244482144713402,0.1731748729944229,0.5415959358215332,8.493173599243164,4.659125328063965,7.494633197784424,13.030485153198242,19.6251277923584,344.0,0.7209302186965942,0.029069768264889717,0.13081395626068115,0.4360465109348297,9.537510871887207,5.890804290771484,8.931684494018555,15.160584449768066,22.804323196411133,0.18257126212120056,0.699624240398407,0.03516475856304169,0.1316809505224228,0.44860804080963135,11.059906005859375,6.116289138793945,8.0,9.787090301513672,17.67860984802246,25.373626708984375,0.18257123231887817,0.15242654085159302,-1.171958088874817,-1.2871990203857422
stage_b,16,299.26924267123337,17.520033674099977,8.868568421052633e-05,8.872758189681917e-05,0.12615971267223358,3.3050689697265625,0.9991906881332397,0.6459178328514099,20525.0,0.6265042424201965,0.028599269688129425,0.10221680998802185,0.366967111825943,13.779510498046875,7.038313865661621,11.837681770324707,22.91817855834961,33.64205551147461,0.18156719207763672,0.15316303074359894,147.13343811035156,58.97266387939453,115.06991577148438,327.7172546386719,6496.0,0.43503695726394653,0.010314038954675198,0.04033251106739044,0.1904248744249344,20.329877853393555,11.63866901397705,19.387460708618164,36.408103942871094,49.82255935668945,4594.0,0.6271223425865173,0.026556378230452538,0.09294731914997101,0.3519808351993561,13.289280891418457,7.237687110900879,11.789789199829102,21.772598266601562,31.399595260620117,3538.0,0.7309214472770691,0.04098360612988472,0.13906161487102509,0.47003957629203796,10.43811321258545,5.427463531494141,8.359760284423828,15.938477516174316,23.155868530273438,2403.0,0.7665418386459351,0.04327923431992531,0.1643778681755066,0.5197669863700867,9.118020057678223,4.805462837219238,7.5190043449401855,13.969202041625977,20.178197860717773,1589.0,0.7822529673576355,0.047199495136737823,0.15670232474803925,0.5116425156593323,8.971248626708984,4.870555400848389,7.294848918914795,12.558612823486328,18.39853286743164,972.0,0.7993826866149902,0.03703703731298447,0.14814814925193787,0.5308641791343689,8.361332893371582,4.676779747009277,7.0732550621032715,11.976552963256836,16.69420623779297,589.0,0.7691001892089844,0.0407470278441906,0.15959252417087555,0.5144312381744385,8.486571311950684,4.911566734313965,7.60203218460083,13.02691650390625,17.843107223510742,344.0,0.729651153087616,0.040697675198316574,0.10174418240785599,0.3895348906517029,10.142006874084473,5.919112205505371,8.221765518188477,15.719254493713379,22.60673713684082,0.18156717717647552,0.705001175403595,0.03585181012749672,0.1253633201122284,0.43483564257621765,11.142056465148926,6.185912132263184,8.0,9.655989646911621,17.671215057373047,25.01235008239746,0.18156719207763672,0.15316303074359894,-1.1786128282546997,-1.2765917778015137
stage_b,17,316.8323211821833,17.5581715518833,8.194063157894738e-05,8.198252908186987e-05,0.13177476823329926,3.3050689697265625,0.9991906881332397,0.6459178328514099,20525.0,0.6247503161430359,0.027868453413248062,0.09885505586862564,0.362923264503479,13.821365356445312,7.1103973388671875,11.938366889953613,22.901935577392578,33.62537384033203,0.18225312232971191,0.1520780622959137,153.841064453125,60.797119140625,119.50772857666016,345.1709289550781,6496.0,0.43134236335754395,0.010467980057001114,0.0383312813937664,0.189039409160614,20.558921813964844,11.891321182250977,19.753841400146484,37.0014533996582,50.171974182128906,4594.0,0.6199390292167664,0.02285589836537838,0.08576404303312302,0.3480626940727234,13.31889533996582,7.247751712799072,11.887237548828125,21.854368209838867,30.943504333496094,3538.0,0.7289429306983948,0.036461278796195984,0.12436404824256897,0.4576031565666199,10.538238525390625,5.4519548416137695,8.524778366088867,15.496737480163574,22.856491088867188,2403.0,0.7736163139343262,0.048689138144254684,0.16063253581523895,0.5081148743629456,9.055991172790527,4.9161577224731445,7.572243690490723,13.95838451385498,19.828927993774414,1589.0,0.7828823328018188,0.04468218982219696,0.1573316603899002,0.5047199726104736,8.80871295928955,4.936882019042969,7.33685827255249,13.032608985900879,19.144636154174805,972.0,0.7942386865615845,0.046296294778585434,0.17489711940288544,0.5380658507347107,8.135262489318848,4.694902420043945,6.914250373840332,12.503376007080078,17.099260330200195,589.0,0.784380316734314,0.04753819853067398,0.15959252417087555,0.5178267955780029,8.122489929199219,4.865874767303467,7.144387722015381,12.414472579956055,16.99665069580078,344.0,0.7470930218696594,0.02616279013454914,0.13372093439102173,0.44186046719551086,9.335062980651855,5.720921993255615,8.209991455078125,14.991281509399414,20.933063507080078,0.18225309252738953,0.7078043818473816,0.03539422154426575,0.12932926416397095,0.4381616413593292,10.984196662902832,6.2157206535339355,8.0,9.667948722839355,17.656585693359375,24.74681282043457,0.18225312232971191,0.1520780622959137,-1.1795040369033813,-1.2849525213241577
stage_b,18,334.33872471101665,17.502002136883434,7.519557894736843e-05,7.523747626692057e-05,0.12094607949256897,3.3050689697265625,0.9991906881332397,0.6459178328514099,20525.0,0.6316686868667603,0.0317661389708519,0.11074299365282059,0.37997564673423767,13.624866485595703,6.908164024353027,11.617029190063477,22.607460021972656,33.263938903808594,0.17557242512702942,0.14340879023075104,154.2924041748047,59.72270202636719,119.17455291748047,347.5857849121094,6496.0,0.43842363357543945,0.009698275476694107,0.040794335305690765,0.19057881832122803,20.387901306152344,11.632877349853516,19.57867431640625,36.813323974609375,49.96490478515625,4594.0,0.628210723400116,0.026556378230452538,0.09468872100114822,0.3585110902786255,13.293608665466309,7.157902717590332,11.611227989196777,21.30064582824707,30.89014434814453,3538.0,0.7379875779151917,0.041548896580934525,0.14301864802837372,0.49180328845977783,10.227766036987305,5.120253562927246,8.329621315002441,15.54765510559082,22.859960556030273,2403.0,0.7744486331939697,0.05659592151641846,0.17769454419612885,0.5305867791175842,8.797236442565918,4.659737586975098,7.415250778198242,13.524982452392578,19.34496307373047,1589.0,0.7935808897018433,0.05475141480565071,0.18061673641204834,0.5431088805198669,8.385749816894531,4.554255962371826,7.0410308837890625,12.647945404052734,17.91356658935547,972.0,0.8014403581619263,0.06172839552164078,0.20576131343841553,0.5668724179267883,7.782321453094482,4.181469917297363,6.446649074554443,11.858383178710938,16.37199592590332,589.0,0.7826825380325317,0.05093378573656082,0.18336163461208344,0.5568760633468628,8.02284049987793,4.256444931030273,7.189026832580566,12.683817863464355,17.187911987304688,344.0,0.75,0.020348837599158287,0.13081395626068115,0.45639535784721375,9.300376892089844,5.415053844451904,7.851593017578125,14.082842826843262,23.923282623291016,0.1755724400281906,0.7133467793464661,0.04027023911476135,0.1445937305688858,0.4618415832519531,10.774724960327148,5.872249603271484,8.0,9.432884216308594,17.307449340820312,24.807090759277344,0.17557242512702942,0.14340879023075104,-1.2445271015167236,-1.3843355178833008
stage_b,19,351.8380072142,17.49024294509994,6.845052631578949e-05,6.849242345197126e-05,0.11605725437402725,3.3050689697265625,0.9991906881332397,0.6459178328514099,20525.0,0.6341047286987305,0.03449451923370361,0.11395858973264694,0.3809013366699219,13.515104293823242,6.896234512329102,11.629534721374512,22.46677589416504,33.1986083984375,0.17249226570129395,0.1411915123462677,166.1623077392578,65.51602172851562,129.86312866210938,373.2420654296875,6496.0,0.440578818321228,0.011853448115289211,0.04356526955962181,0.19673645496368408,20.16335105895996,11.689726829528809,19.214323043823242,36.434364318847656,49.357303619384766,4594.0,0.632346510887146,0.030474532395601273,0.09686547517776489,0.35981714725494385,13.19450569152832,7.136880874633789,11.520122528076172,21.585067749023438,31.032318115234375,3538.0,0.7416619658470154,0.04720180854201317,0.15149801969528198,0.48304125666618347,10.146324157714844,5.191264629364014,8.311573028564453,15.651070594787598,22.630069732666016,2403.0,0.7723678946495056,0.05534748360514641,0.19017894566059113,0.5301706194877625,8.701587677001953,4.640171051025391,7.368717193603516,13.633041381835938,19.37500762939453,1589.0,0.7923222184181213,0.050975456833839417,0.17117683589458466,0.534298300743103,8.550976753234863,4.609328269958496,7.058769226074219,12.303473472595215,17.904815673828125,972.0,0.8076131939888,0.06275720149278641,0.187242791056633,0.5833333134651184,7.689504623413086,4.157947540283203,6.364866733551025,12.143659591674805,17.038297653198242,589.0,0.7911714911460876,0.06621392071247101,0.18675722181797028,0.5449914932250977,7.976324081420898,4.4154253005981445,6.787357330322266,12.296083450317383,16.535409927368164,344.0,0.75,0.029069768264889717,0.15697674453258514,0.4854651093482971,9.399619102478027,5.129151821136475,8.04346752166748,14.733428955078125,21.633569717407227,0.17249231040477753,0.7160077691078186,0.04423670098185539,0.14803266525268555,0.46473172307014465,10.727773666381836,5.871237277984619,8.0,9.333649635314941,17.347524642944336,24.4383487701416,0.17249226570129395,0.1411915123462677,-1.2678160667419434,-1.4010634422302246
stage_b,20,369.42486023460003,17.578556720683263,6.170547368421054e-05,6.174737063702196e-05,0.11266059428453445,3.3050689697265625,0.9991906881332397,0.6459178328514099,20525.0,0.6314738392829895,0.03274055942893028,0.1066991463303566,0.3805115818977356,13.52101993560791,6.896290302276611,11.670953750610352,22.45549964904785,32.766632080078125,0.17310887575149536,0.1422184854745865,173.42410278320312,66.55753326416016,132.40618896484375,388.6969299316406,6496.0,0.438269704580307,0.012777093797922134,0.04125615581870079,0.19704432785511017,20.176483154296875,11.679449081420898,19.248701095581055,36.12580490112305,49.226051330566406,4594.0,0.6301698088645935,0.023073574528098106,0.08663474023342133,0.35829341411590576,13.174674034118652,7.184351921081543,11.606945037841797,21.275707244873047,30.74643898010254,3538.0,0.736856997013092,0.042962126433849335,0.1396269053220749,0.4776709973812103,10.211094856262207,5.2838521003723145,8.439581871032715,15.476950645446777,22.340145111083984,2403.0,0.7765293121337891,0.060757387429475784,0.17811068892478943,0.5330836176872253,8.687725067138672,4.559360504150391,7.276500225067139,13.558691024780273,18.952754974365234,1589.0,0.7885462641716003,0.05349276214838028,0.1611076146364212,0.5399622321128845,8.410386085510254,4.605978012084961,7.002244472503662,12.451421737670898,17.28321647644043,972.0,0.806584358215332,0.06275720149278641,0.2047325074672699,0.5751028656959534,7.855006694793701,4.2102885246276855,6.537656307220459,11.699564933776855,16.3721981048584,589.0,0.7691001892089844,0.04414261505007744,0.18675722181797028,0.5619694590568542,8.052626609802246,4.39726448059082,7.103117942810059,12.591015815734863,16.836410522460938,344.0,0.7441860437393188,0.037790697067976,0.10755813866853714,0.47965115308761597,9.251225471496582,5.153626441955566,8.231627464294434,13.691568374633789,22.796966552734375,0.17310892045497894,0.711280345916748,0.04221918061375618,0.13822299242019653,0.4653472602367401,10.727402687072754,5.884271144866943,8.0,9.43079662322998,17.108840942382812,24.319272994995117,0.17310887575149536,0.1422184854745865,-1.257548451423645,-1.381823182106018
stage_b,21,386.92657946568335,17.498470714700066,5.496042105263157e-05,5.500231418409385e-05,0.10993824154138565,3.3050689697265625,0.9991906881332397,0.6459178328514099,20525.0,0.634299635887146,0.03444579616189003,0.11483556777238846,0.38406822085380554,13.464522361755371,6.858148097991943,11.58719253540039,22.36800193786621,32.66623306274414,0.17056001722812653,0.13851282000541687,168.12908935546875,64.42800903320312,129.4133758544922,379.23846435546875,6496.0,0.44134852290153503,0.011699507012963295,0.04264162480831146,0.1953509896993637,20.104473114013672,11.634449005126953,19.281875610351562,35.69345474243164,48.963165283203125,4594.0,0.6377884149551392,0.029603831470012665,0.09947758167982101,0.3611232042312622,13.098466873168945,7.125946998596191,11.266901016235352,21.147174835205078,30.556434631347656,3538.0,0.7362917065620422,0.04465799778699875,0.1534765362739563,0.4847371280193329,10.206694602966309,5.207400321960449,8.25343132019043,15.684403419494629,22.772443771362305,2403.0,0.779026210308075,0.05950894579291344,0.18310445547103882,0.5430711507797241,8.643050193786621,4.487972259521484,7.293002128601074,13.50579833984375,18.897525787353516,1589.0,0.7835116386413574,0.05034612864255905,0.17117683589458466,0.5374449491500854,8.494744300842285,4.508663177490234,7.021961212158203,12.932945251464844,18.121723175048828,972.0,0.8106995820999146,0.06481481343507767,0.20576131343841553,0.5936213731765747,7.592873573303223,4.077572822570801,6.1854939460754395,11.49583625793457,16.44506072998047,589.0,0.774193525314331,0.061120543628931046,0.2054329365491867,0.5687606334686279,7.984796047210693,4.130458831787109,7.275984764099121,12.569234848022461,16.33558464050293,344.0,0.7441860437393188,0.04360464960336685,0.1366279125213623,0.49127906560897827,9.082256317138672,5.298323154449463,7.7428765296936035,13.536660194396973,22.15024757385254,0.1705600470304489,0.7133806943893433,0.0456695519387722,0.14971239864826202,0.4719235599040985,10.650918960571289,5.8088483810424805,8.0,9.290190696716309,17.070688247680664,24.2802734375,0.17056001722812653,0.13851282000541687,-1.288804292678833,-1.434611439704895
stage_b,22,404.3840643715167,17.44709855455003,4.821536842105263e-05,4.8257261369144544e-05,0.10710364580154419,3.3050689697265625,0.9991906881332397,0.6459178328514099,20525.0,0.6346406936645508,0.03283800184726715,0.11644335836172104,0.37973204255104065,13.52312183380127,6.879023551940918,11.597124099731445,22.360488891601562,32.867794036865234,0.17192776501178741,0.1397554874420166,170.4009552001953,66.16737365722656,132.27980041503906,385.22528076171875,6496.0,0.440578818321228,0.009544335305690765,0.04094827547669411,0.19134852290153503,20.251121520996094,11.597383499145508,19.488922119140625,36.52312088012695,49.14665603637695,4594.0,0.6351763010025024,0.028080103918910027,0.10121898353099823,0.3635176420211792,13.107244491577148,7.062089920043945,11.35197925567627,21.021055221557617,29.89604949951172,3538.0,0.7408140301704407,0.04324477165937424,0.14782363176345825,0.4841718375682831,10.236059188842773,5.172523021697998,8.404932975769043,15.659080505371094,22.974231719970703,2403.0,0.7756970524787903,0.057844359427690506,0.1905950903892517,0.5293383002281189,8.747557640075684,4.700070381164551,7.36142110824585,13.73505973815918,19.256412506103516,1589.0,0.7904342412948608,0.05475141480565071,0.19005663692951202,0.534298300743103,8.539763450622559,4.635008335113525,7.153354644775391,12.693072319030762,17.673995971679688,972.0,0.8055555820465088,0.06069958955049515,0.2222222238779068,0.5792180895805359,7.641245365142822,4.157444000244141,6.323018550872803,12.15598201751709,15.951494216918945,589.0,0.7877758741378784,0.05093378573656082,0.19015279412269592,0.558573842048645,7.586083889007568,4.221874713897705,6.913913726806641,12.04529094696045,16.480276107788086,344.0,0.75,0.04360464960336685,0.13953489065170288,0.4505814015865326,8.998177528381348,5.383793830871582,8.08980941772461,13.691034317016602,21.28484344482422,0.1719277799129486,0.715753972530365,0.043587878346443176,0.15281906723976135,0.4613809883594513,10.638406753540039,5.866273403167725,8.0,9.385918617248535,17.190462112426758,24.08299446105957,0.17192776501178741,0.1397554874420166,-1.2819044589996338,-1.4205673933029175
stage_b,23,421.8848279062833,17.497465438033274,4.147031578947369e-05,4.151221219217405e-05,0.10477584600448608,3.3050689697265625,0.9991906881332397,0.6459178328514099,20525.0,0.6379050016403198,0.03551766276359558,0.12068209797143936,0.38684532046318054,13.387166023254395,6.784186840057373,11.422534942626953,22.176546096801758,32.72895050048828,0.16824528574943542,0.13568037748336792,176.52630615234375,67.2752685546875,135.75445556640625,399.6894836425781,6496.0,0.4416564106941223,0.009698275476694107,0.04371921345591545,0.1971982717514038,20.090797424316406,11.581724166870117,19.174856185913086,36.013633728027344,48.161582946777344,4594.0,0.6375707387924194,0.03156290948390961,0.10317806154489517,0.36134088039398193,13.096609115600586,7.066658973693848,11.271527290344238,21.45792007446289,30.541934967041016,3538.0,0.7422272562980652,0.04889768362045288,0.1551724076271057,0.491237998008728,10.04049015045166,5.145791053771973,8.332439422607422,15.414687156677246,22.51848793029785,2403.0,0.7811069488525391,0.06117353215813637,0.1930919736623764,0.5380774140357971,8.555389404296875,4.513007164001465,7.354742050170898,13.217501640319824,19.420860290527344,1589.0,0.7954688668251038,0.05601006746292114,0.1887979805469513,0.5556954145431519,8.289499282836914,4.415675163269043,6.896526336669922,12.219768524169922,16.932018280029297,972.0,0.8209876418113708,0.0658436194062233,0.2427983582019806,0.6008230447769165,7.473720550537109,4.0612006187438965,6.073110580444336,11.03504467010498,16.132118225097656,589.0,0.7996604442596436,0.05602716654539108,0.2122241109609604,0.5653650164604187,7.636329174041748,3.9394009113311768,6.890861511230469,12.038858413696289,16.227827072143555,344.0,0.7529069781303406,0.04360464960336685,0.13081395626068115,0.4883720874786377,8.952925682067871,5.338177680969238,7.843263149261475,14.91429615020752,20.70671844482422,0.16824528574943542,0.7214481830596924,0.04660223796963692,0.15872450172901154,0.47476375102996826,10.51697063446045,5.757704734802246,8.0,9.229665756225586,17.038963317871094,23.8301944732666,0.16824528574943542,0.13568037748336792,-1.3080965280532837,-1.4549754858016968
stage_b,24,439.3179970197667,17.42540697266668,3.4725263157894744e-05,3.476715937722474e-05,0.10154198110103607,3.3050689697265625,0.9991906881332397,0.6459178328514099,20525.0,0.6378075480461121,0.03493300825357437,0.11926918476819992,0.3892326354980469,13.379616737365723,6.789463043212891,11.416293144226074,22.273649215698242,32.40750503540039,0.16789592802524567,0.13610899448394775,179.40191650390625,68.96973419189453,139.2600860595703,405.248046875,6496.0,0.44134852290153503,0.011391625739634037,0.04217980429530144,0.20135468244552612,20.008676528930664,11.51705551147461,19.138824462890625,35.474205017089844,48.9036865234375,4594.0,0.6414889097213745,0.028950804844498634,0.1010013073682785,0.36700043082237244,13.01637077331543,6.958810329437256,11.18206787109375,21.00155258178711,30.166372299194336,3538.0,0.7419446110725403,0.046636518090963364,0.15686829388141632,0.49378180503845215,10.13158893585205,5.086627006530762,8.28647232055664,15.267522811889648,22.327526092529297,2403.0,0.7819392681121826,0.05659592151641846,0.2026633322238922,0.5434873104095459,8.583765983581543,4.528689861297607,7.298346996307373,13.311427116394043,19.085603713989258,1589.0,0.7948395013809204,0.05663939565420151,0.17621144652366638,0.5468848347663879,8.346759796142578,4.527320861816406,6.887930870056152,12.10147762298584,17.36778450012207,972.0,0.8127571940422058,0.06790123134851456,0.2294238656759262,0.5987654328346252,7.616157054901123,4.080965995788574,6.111905574798584,11.469847679138184,15.784791946411133,589.0,0.784380316734314,0.06281833350658417,0.1969439685344696,0.5551782846450806,7.82970666885376,4.173165321350098,7.214504718780518,11.821552276611328,16.77057647705078,344.0,0.75,0.04651162773370743,0.14244185388088226,0.4767441749572754,8.991560935974121,5.317139625549316,8.018495559692383,14.143004417419434,21.023508071899414,0.16789589822292328,0.7185872793197632,0.04718068242073059,0.15596672892570496,0.4728996157646179,10.565573692321777,5.773721694946289,8.0,9.267318725585938,16.823823928833008,23.92873191833496,0.16789592802524567,0.13610899448394775,-1.3124483823776245,-1.4538313150405884
stage_b,25,456.82546774800005,17.50255052909997,2.79802105263158e-05,2.8022104743286036e-05,0.0990319773554802,3.3050689697265625,0.9991906881332397,0.6459178328514099,20525.0,0.6379050016403198,0.03400730714201927,0.1178075522184372,0.38772228360176086,13.371305465698242,6.778054714202881,11.465107917785645,22.22932243347168,32.434593200683594,0.1677403748035431,0.13496896624565125,181.27842712402344,68.49794006347656,138.08494567871094,409.7293395996094,6496.0,0.4411945939064026,0.008466748520731926,0.04264162480831146,0.19550491869449615,20.060503005981445,11.576833724975586,19.11331558227539,35.767601013183594,48.284706115722656,4594.0,0.6397475004196167,0.030909882858395576,0.09969525784254074,0.3652590215206146,13.058117866516113,7.062595367431641,11.383732795715332,21.214580535888672,30.016916275024414,3538.0,0.7396834492683411,0.04381006211042404,0.15036743879318237,0.4875636100769043,10.051095962524414,5.145761489868164,8.30298137664795,15.088011741638184,22.160728454589844,2403.0,0.779026210308075,0.060757387429475784,0.19517269730567932,0.5430711507797241,8.610395431518555,4.454860210418701,7.255860328674316,13.226500511169434,19.05105209350586,1589.0,0.7998741269111633,0.05223410949110985,0.1869100034236908,0.5601006746292114,8.277576446533203,4.439183712005615,6.917522430419922,12.193290710449219,17.162853240966797,972.0,0.8168724179267883,0.06687242537736893,0.2150205820798874,0.5946502089500427,7.530688285827637,4.100648880004883,6.149226188659668,11.273587226867676,15.429557800292969,589.0,0.8081493973731995,0.057724956423044205,0.2037351429462433,0.5823429822921753,7.478148937225342,3.94619083404541,6.816854953765869,12.185665130615234,16.535259246826172,344.0,0.75,0.05232558026909828,0.1627907007932663,0.49127906560897827,8.764354705810547,5.162679195404053,7.889246463775635,14.172734260559082,20.750732421875,0.1677403748035431,0.7218184471130371,0.0466376431286335,0.15704168379306793,0.4774714410305023,10.478859901428223,5.736093997955322,8.0,9.228592872619629,16.89024543762207,23.67397689819336,0.1677403748035431,0.13496896624565125,-1.3126583099365234,-1.4617573022842407
stage_b,26,474.31371149943334,17.47939613365003,2.1235157894736855e-05,2.1277051928336732e-05,0.09617273509502411,3.3050689697265625,0.9991906881332397,0.6459178328514099,20525.0,0.6387332677841187,0.035322777926921844,0.1205846518278122,0.38962242007255554,13.318042755126953,6.71484375,11.371392250061035,22.16124725341797,32.22996139526367,0.16607922315597534,0.1337333768606186,185.4368438720703,70.51980590820312,141.87184143066406,417.6727600097656,6496.0,0.44288793206214905,0.011083743534982204,0.044181033968925476,0.20120073854923248,19.969215393066406,11.560401916503906,19.29850196838379,35.509586334228516,47.942352294921875,4594.0,0.6427949666976929,0.028950804844498634,0.10121898353099823,0.36721810698509216,13.001748085021973,7.0116143226623535,11.066702842712402,20.85985565185547,30.06167221069336,3538.0,0.7422272562980652,0.04748445376753807,0.16110797226428986,0.4864329993724823,10.04095458984375,5.136124610900879,8.182755470275879,15.337839126586914,22.217483520507812,2403.0,0.7777777910232544,0.05909280106425285,0.19475655257701874,0.5493133664131165,8.57337760925293,4.454995155334473,7.17080020904541,13.255400657653809,19.152721405029297,1589.0,0.7935808897018433,0.05286343768239021,0.17998741567134857,0.5544367432594299,8.274063110351562,4.499034881591797,6.8252434730529785,12.041275978088379,17.670087814331055,972.0,0.8199588656425476,0.0730452686548233,0.22016461193561554,0.6018518805503845,7.391383171081543,3.872525691986084,6.181200981140137,10.943537712097168,15.209815979003906,589.0,0.7945670485496521,0.06621392071247101,0.23938879370689392,0.5670627951622009,7.414182662963867,4.127825736999512,6.747159957885742,11.721150398254395,16.367185592651367,344.0,0.7529069781303406,0.04651162773370743,0.12790697813034058,0.47093021869659424,8.945311546325684,5.31593132019043,7.862053871154785,14.474278450012207,21.604936599731445,0.16607922315597534,0.7208377122879028,0.048155758529901505,0.15858903527259827,0.4748058617115021,10.451279640197754,5.747306823730469,8.0,9.166802406311035,16.767866134643555,23.778282165527344,0.16607922315597534,0.1337333768606186,-1.327289342880249,-1.4712342023849487
stage_b,27,491.92146375883334,17.598624284949985,1.4490105263157886e-05,1.453200002288213e-05,0.09366549551486969,3.3050689697265625,0.9991906881332397,0.6459178328514099,20525.0,0.6382947564125061,0.03644336014986038,0.12248477339744568,0.39239951968193054,13.312325477600098,6.712954998016357,11.473363876342773,22.145484924316406,32.22307205200195,0.16582456231117249,0.1329704076051712,185.68763732910156,70.28544616699219,141.8909912109375,419.779052734375,6496.0,0.44181033968925476,0.011545566841959953,0.042949508875608444,0.20212438702583313,20.03192901611328,11.602069854736328,19.17479705810547,36.2296142578125,48.526519775390625,4594.0,0.641924262046814,0.02916848100721836,0.10317806154489517,0.3643883466720581,12.977387428283691,7.026041030883789,11.359589576721191,21.14009666442871,30.105388641357422,3538.0,0.742792546749115,0.04720180854201317,0.16026003658771515,0.4988694190979004,10.052336692810059,5.010286331176758,8.246697425842285,15.290042877197266,22.221487045288086,2403.0,0.7806907892227173,0.06158968061208725,0.1960049867630005,0.5497295260429382,8.48684024810791,4.489933490753174,7.073596954345703,13.087579727172852,18.383634567260742,1589.0,0.7923222184181213,0.05789804831147194,0.1957205832004547,0.5588420629501343,8.135701179504395,4.399963855743408,6.8586320877075195,12.074410438537598,17.222524642944336,972.0,0.8168724179267883,0.0730452686548233,0.23353908956050873,0.5997942090034485,7.412598609924316,3.9759364128112793,5.986068248748779,11.104355812072754,15.691374778747559,589.0,0.7894737124443054,0.07640068233013153,0.23089982569217682,0.5721561908721924,7.443866729736328,4.015200138092041,7.065556049346924,11.876882553100586,16.125886917114258,344.0,0.7558139562606812,0.04651162773370743,0.14244185388088226,0.5029069781303406,8.761051177978516,4.966001987457275,7.9847588539123535,14.488863945007324,20.540565490722656,0.1658245176076889,0.7202125191688538,0.05042014643549919,0.16312424838542938,0.481101393699646,10.412714004516602,5.685678958892822,8.0,9.218711853027344,16.911481857299805,23.6021728515625,0.16582456231117249,0.1329704076051712,-1.3303868770599365,-1.4799647331237793
stage_b,28,509.66299041865,17.720471897366586,7.745052631578943e-06,7.786947207932826e-06,0.09166297316551208,3.3050689697265625,0.9991906881332397,0.6459178328514099,20525.0,0.6423386335372925,0.03697929531335831,0.12370280176401138,0.39449453353881836,13.281787872314453,6.666529655456543,11.347763061523438,22.12440299987793,32.18527603149414,0.16468556225299835,0.13199783861637115,189.1951446533203,71.06009674072266,144.5406036376953,428.3974609375,6496.0,0.4471982717514038,0.011699507012963295,0.04248768463730812,0.2016625553369522,19.9638671875,11.451976776123047,19.18947410583496,35.447898864746094,48.39984893798828,4594.0,0.6471484303474426,0.030474532395601273,0.10491946339607239,0.37113627791404724,12.971222877502441,6.907393455505371,11.184351921081543,21.129806518554688,30.308900833129883,3538.0,0.7439231276512146,0.0517241396009922,0.16252119839191437,0.49236857891082764,9.985552787780762,5.0745110511779785,8.132413864135742,15.192172050476074,22.05527114868164,2403.0,0.7844361066818237,0.06783187389373779,0.20599250495433807,0.5555555820465088,8.485301971435547,4.414278984069824,7.067712306976318,12.964012145996094,18.99472427368164,1589.0,0.7992448210716248,0.05475141480565071,0.20075519382953644,0.5676525831222534,8.142148971557617,4.3789873123168945,6.75054407119751,11.866442680358887,17.407835006713867,972.0,0.8158436417579651,0.06172839552164078,0.2222222238779068,0.6131687164306641,7.472810745239258,3.914616584777832,6.1392340660095215,11.270837783813477,15.732933044433594,589.0,0.7945670485496521,0.059422750025987625,0.21731749176979065,0.5772495865821838,7.401707172393799,4.049087047576904,6.875552654266357,11.799453735351562,16.167346954345703,344.0,0.75,0.04360464960336685,0.13953489065170288,0.4854651093482971,8.876436233520508,5.170766830444336,8.0007963180542,14.270454406738281,21.582162857055664,0.16468557715415955,0.7227951884269714,0.0476546585559845,0.16196882724761963,0.48303237557411194,10.412381172180176,5.670202255249023,8.0,9.167510032653809,16.742633819580078,23.831127166748047,0.16468556225299835,0.13199783861637115,-1.342507004737854,-1.4926931858062744
stage_b,29,527.67940160015,18.007991047200026,1e-06,1.0418947340440354e-06,0.08984056860208511,3.3050689697265625,0.9991906881332397,0.6459178328514099,20525.0,0.6411693096160889,0.03795371577143669,0.12321559339761734,0.39546895027160645,13.24874210357666,6.6768670082092285,11.325549125671387,21.92128562927246,32.1058349609375,0.16396155953407288,0.13132697343826294,191.27040100097656,71.63724517822266,145.26609802246094,433.5048828125,6496.0,0.44689038395881653,0.012469211593270302,0.042949508875608444,0.20212438702583313,19.933320999145508,11.478179931640625,19.101285934448242,35.45768737792969,48.5212287902832,4594.0,0.643447995185852,0.030256856232881546,0.10121898353099823,0.36961254477500916,12.966392517089844,6.933699607849121,11.189459800720215,21.099016189575195,30.449703216552734,3538.0,0.7416619658470154,0.0517241396009922,0.16449971497058868,0.4997173547744751,9.950704574584961,5.002315998077393,8.139883995056152,15.184569358825684,21.91730499267578,2403.0,0.7819392681121826,0.06325426697731018,0.20890553295612335,0.5530586838722229,8.42375373840332,4.3698248863220215,7.04498815536499,12.711604118347168,18.834617614746094,1589.0,0.7998741269111633,0.058527376502752304,0.19509124755859375,0.5657646059989929,8.090065956115723,4.375037670135498,6.680998802185059,12.05419921875,16.923856735229492,972.0,0.8240740895271301,0.07510288059711456,0.21604938805103302,0.6162551641464233,7.364604473114014,3.8498268127441406,5.937273979187012,11.130722999572754,15.153963088989258,589.0,0.7945670485496521,0.06451612710952759,0.22750423848628998,0.5789473652839661,7.435922622680664,3.9866743087768555,6.66750431060791,11.823554992675781,16.53867530822754,344.0,0.75,0.058139536529779434,0.1366279125213623,0.49418604373931885,8.822199821472168,5.1775054931640625,8.023033142089844,13.929372787475586,20.947124481201172,0.16396155953407288,0.7228068709373474,0.05174879729747772,0.1616058200597763,0.4849582612514496,10.373370170593262,5.646633148193359,8.0,9.098053932189941,16.67384147644043,23.660808563232422,0.16396155953407288,0.13132697343826294,-1.3454525470733643,-1.4936190843582153
