timestamp,index,utilization_gpu_pct,memory_used_mib,memory_total_mib
2026-07-28T20:48:57-07:00,0, [N/A], 864, 81559
2026-07-28T20:49:57-07:00,0, [N/A], 2092, 81559
2026-07-28T20:50:57-07:00,0, [N/A], 7628, 81559
2026-07-28T20:51:57-07:00,0, [N/A], 19970, 81559
2026-07-28T20:52:57-07:00,0, [N/A], 28228, 81559
2026-07-28T20:53:57-07:00,0, [N/A], 28228, 81559
2026-07-28T20:54:57-07:00,0, [N/A], 28228, 81559
2026-07-28T20:55:58-07:00,0, [N/A], 28228, 81559
2026-07-28T20:56:58-07:00,0, [N/A], 28228, 81559
2026-07-28T20:57:58-07:00,0, [N/A], 28228, 81559
2026-07-28T20:58:58-07:00,0, [N/A], 28228, 81559
2026-07-28T20:59:58-07:00,0, [N/A], 28228, 81559
2026-07-28T21:00:58-07:00,0, [N/A], 28228, 81559
2026-07-28T21:01:58-07:00,0, [N/A], 28368, 81559
2026-07-28T21:02:58-07:00,0, [N/A], 28368, 81559
2026-07-28T21:03:58-07:00,0, [N/A], 28788, 81559
2026-07-28T21:04:58-07:00,0, [N/A], 28788, 81559
2026-07-28T21:05:58-07:00,0, [N/A], 28788, 81559
2026-07-28T21:06:59-07:00,0, [N/A], 28788, 81559
2026-07-28T21:07:59-07:00,0, [N/A], 28788, 81559
2026-07-28T21:08:59-07:00,0, [N/A], 28788, 81559
2026-07-28T21:09:59-07:00,0, [N/A], 28788, 81559
2026-07-28T21:10:59-07:00,0, [N/A], 30168, 81559
2026-07-28T21:11:59-07:00,0, [N/A], 30168, 81559
2026-07-28T21:12:59-07:00,0, [N/A], 30168, 81559
2026-07-28T21:13:59-07:00,0, [N/A], 30168, 81559
2026-07-28T21:14:59-07:00,0, [N/A], 30168, 81559
2026-07-28T21:15:59-07:00,0, [N/A], 30168, 81559
2026-07-28T21:17:00-07:00,0, [N/A], 30168, 81559
2026-07-28T21:18:00-07:00,0, [N/A], 30168, 81559
2026-07-28T21:19:00-07:00,0, [N/A], 30168, 81559
2026-07-28T21:20:00-07:00,0, [N/A], 30168, 81559
2026-07-28T21:21:00-07:00,0, [N/A], 30168, 81559
2026-07-28T21:22:00-07:00,0, [N/A], 30168, 81559
2026-07-28T21:23:00-07:00,0, [N/A], 30168, 81559
2026-07-28T21:24:00-07:00,0, [N/A], 30168, 81559
2026-07-28T21:25:01-07:00,0, [N/A], 30168, 81559
2026-07-28T21:26:01-07:00,0, [N/A], 30168, 81559
2026-07-28T21:27:01-07:00,0, [N/A], 30168, 81559
2026-07-28T21:28:01-07:00,0, [N/A], 30168, 81559
2026-07-28T21:29:01-07:00,0, [N/A], 30168, 81559
2026-07-28T21:30:01-07:00,0, [N/A], 30168, 81559
2026-07-28T21:31:01-07:00,0, [N/A], 30168, 81559
2026-07-28T21:32:01-07:00,0, [N/A], 30168, 81559
2026-07-28T21:33:01-07:00,0, [N/A], 30168, 81559
2026-07-28T21:34:02-07:00,0, [N/A], 30168, 81559
2026-07-28T21:35:02-07:00,0, [N/A], 30168, 81559
2026-07-28T21:36:02-07:00,0, [N/A], 30168, 81559
2026-07-28T21:37:02-07:00,0, [N/A], 30168, 81559
2026-07-28T21:38:02-07:00,0, [N/A], 30168, 81559
2026-07-28T21:39:02-07:00,0, [N/A], 31668, 81559
2026-07-28T21:40:02-07:00,0, [N/A], 31668, 81559
2026-07-28T21:41:02-07:00,0, [N/A], 31668, 81559
2026-07-28T21:42:02-07:00,0, [N/A], 31668, 81559
2026-07-28T21:43:02-07:00,0, [N/A], 31668, 81559
2026-07-28T21:44:02-07:00,0, [N/A], 7842, 81559
2026-07-28T21:45:03-07:00,0, [N/A], 7825, 81559
2026-07-28T21:46:03-07:00,0, [N/A], 13132, 81559
2026-07-28T21:47:03-07:00,0, [N/A], 25966, 81559
2026-07-28T21:48:03-07:00,0, [N/A], 25966, 81559
2026-07-28T21:49:03-07:00,0, [N/A], 26346, 81559
2026-07-28T21:50:03-07:00,0, [N/A], 26346, 81559
2026-07-28T21:51:03-07:00,0, [N/A], 26346, 81559
2026-07-28T21:52:03-07:00,0, [N/A], 29146, 81559
2026-07-28T21:53:03-07:00,0, [N/A], 29146, 81559
2026-07-28T21:54:03-07:00,0, [N/A], 29146, 81559
2026-07-28T21:55:03-07:00,0, [N/A], 29146, 81559
2026-07-28T21:56:04-07:00,0, [N/A], 29146, 81559
2026-07-28T21:57:04-07:00,0, [N/A], 29146, 81559
2026-07-28T21:58:04-07:00,0, [N/A], 29146, 81559
2026-07-28T21:59:04-07:00,0, [N/A], 29146, 81559
2026-07-28T22:00:04-07:00,0, [N/A], 29146, 81559
2026-07-28T22:01:04-07:00,0, [N/A], 29146, 81559
2026-07-28T22:02:04-07:00,0, [N/A], 29146, 81559
2026-07-28T22:03:04-07:00,0, [N/A], 29146, 81559
2026-07-28T22:04:04-07:00,0, [N/A], 29146, 81559
2026-07-28T22:05:04-07:00,0, [N/A], 29146, 81559
2026-07-28T22:06:05-07:00,0, [N/A], 29146, 81559
2026-07-28T22:07:05-07:00,0, [N/A], 29146, 81559
2026-07-28T22:08:05-07:00,0, [N/A], 29146, 81559
2026-07-28T22:09:05-07:00,0, [N/A], 29146, 81559
2026-07-28T22:10:05-07:00,0, [N/A], 29146, 81559
2026-07-28T22:11:05-07:00,0, [N/A], 29146, 81559
2026-07-28T22:12:05-07:00,0, [N/A], 29146, 81559
2026-07-28T22:13:05-07:00,0, [N/A], 29146, 81559
2026-07-28T22:14:05-07:00,0, [N/A], 29146, 81559
2026-07-28T22:15:05-07:00,0, [N/A], 29146, 81559
2026-07-28T22:16:05-07:00,0, [N/A], 29146, 81559
2026-07-28T22:17:06-07:00,0, [N/A], 29146, 81559
2026-07-28T22:18:06-07:00,0, [N/A], 29146, 81559
2026-07-28T22:19:06-07:00,0, [N/A], 29146, 81559
2026-07-28T22:20:06-07:00,0, [N/A], 29146, 81559
2026-07-28T22:21:06-07:00,0, [N/A], 29146, 81559
2026-07-28T22:22:06-07:00,0, [N/A], 29146, 81559
2026-07-28T22:23:06-07:00,0, [N/A], 29146, 81559
2026-07-28T22:24:06-07:00,0, [N/A], 29146, 81559
2026-07-28T22:25:06-07:00,0, [N/A], 29146, 81559
2026-07-28T22:26:07-07:00,0, [N/A], 29146, 81559
2026-07-28T22:27:07-07:00,0, [N/A], 29146, 81559
2026-07-28T22:28:07-07:00,0, [N/A], 29146, 81559
2026-07-28T22:29:07-07:00,0, [N/A], 29148, 81559
2026-07-28T22:30:07-07:00,0, [N/A], 29148, 81559
2026-07-28T22:31:07-07:00,0, [N/A], 29148, 81559
2026-07-28T22:32:07-07:00,0, [N/A], 29148, 81559
2026-07-28T22:33:07-07:00,0, [N/A], 29148, 81559
2026-07-28T22:34:07-07:00,0, [N/A], 29148, 81559
2026-07-28T22:35:08-07:00,0, [N/A], 29148, 81559
2026-07-28T22:36:08-07:00,0, [N/A], 29148, 81559
2026-07-28T22:37:08-07:00,0, [N/A], 29148, 81559
2026-07-28T22:38:08-07:00,0, [N/A], 29148, 81559
2026-07-28T22:39:08-07:00,0, [N/A], 29148, 81559
2026-07-28T22:40:08-07:00,0, [N/A], 29148, 81559
2026-07-28T22:41:08-07:00,0, [N/A], 29148, 81559
2026-07-28T22:42:08-07:00,0, [N/A], 31868, 81559
2026-07-28T22:43:08-07:00,0, [N/A], 31868, 81559
2026-07-28T22:44:08-07:00,0, [N/A], 31868, 81559
2026-07-28T22:45:09-07:00,0, [N/A], 31868, 81559
2026-07-28T22:46:09-07:00,0, [N/A], 31868, 81559
2026-07-28T22:47:09-07:00,0, [N/A], 31868, 81559
2026-07-28T22:48:09-07:00,0, [N/A], 31868, 81559
2026-07-28T22:49:09-07:00,0, [N/A], 31868, 81559
2026-07-28T22:50:09-07:00,0, [N/A], 31868, 81559
2026-07-28T22:51:09-07:00,0, [N/A], 31868, 81559
2026-07-28T22:52:09-07:00,0, [N/A], 31868, 81559
2026-07-28T22:53:09-07:00,0, [N/A], 31868, 81559
2026-07-28T22:54:09-07:00,0, [N/A], 31868, 81559
2026-07-28T22:55:09-07:00,0, [N/A], 31868, 81559
2026-07-28T22:56:10-07:00,0, [N/A], 31868, 81559
2026-07-28T22:57:10-07:00,0, [N/A], 31868, 81559
2026-07-28T22:58:10-07:00,0, [N/A], 31868, 81559
2026-07-28T22:59:10-07:00,0, [N/A], 31868, 81559
2026-07-28T23:00:10-07:00,0, [N/A], 31868, 81559
2026-07-28T23:01:10-07:00,0, [N/A], 31868, 81559
2026-07-28T23:02:10-07:00,0, [N/A], 31868, 81559
2026-07-28T23:03:10-07:00,0, [N/A], 31868, 81559
2026-07-28T23:04:10-07:00,0, [N/A], 31868, 81559
2026-07-28T23:05:10-07:00,0, [N/A], 31868, 81559
2026-07-28T23:06:11-07:00,0, [N/A], 31868, 81559
2026-07-28T23:07:11-07:00,0, [N/A], 31868, 81559
2026-07-28T23:08:11-07:00,0, [N/A], 31868, 81559
2026-07-28T23:09:11-07:00,0, [N/A], 31868, 81559
2026-07-28T23:10:11-07:00,0, [N/A], 31868, 81559
2026-07-28T23:11:11-07:00,0, [N/A], 31868, 81559
2026-07-28T23:12:11-07:00,0, [N/A], 31868, 81559
2026-07-28T23:13:11-07:00,0, [N/A], 31868, 81559
2026-07-28T23:14:12-07:00,0, [N/A], 31868, 81559
2026-07-28T23:15:12-07:00,0, [N/A], 31868, 81559
2026-07-28T23:16:12-07:00,0, [N/A], 31868, 81559
2026-07-28T23:17:12-07:00,0, [N/A], 31868, 81559
2026-07-28T23:18:12-07:00,0, [N/A], 31868, 81559
2026-07-28T23:19:12-07:00,0, [N/A], 31868, 81559
2026-07-28T23:20:12-07:00,0, [N/A], 31868, 81559
2026-07-28T23:21:12-07:00,0, [N/A], 31868, 81559
2026-07-28T23:22:12-07:00,0, [N/A], 31868, 81559
2026-07-28T23:23:13-07:00,0, [N/A], 31868, 81559
2026-07-28T23:24:13-07:00,0, [N/A], 31868, 81559
2026-07-28T23:25:13-07:00,0, [N/A], 31868, 81559
2026-07-28T23:26:13-07:00,0, [N/A], 31868, 81559
2026-07-28T23:27:13-07:00,0, [N/A], 31868, 81559
2026-07-28T23:28:13-07:00,0, [N/A], 31868, 81559
2026-07-28T23:29:13-07:00,0, [N/A], 31868, 81559
2026-07-28T23:30:13-07:00,0, [N/A], 31868, 81559
2026-07-28T23:31:13-07:00,0, [N/A], 31868, 81559
2026-07-28T23:32:14-07:00,0, [N/A], 31868, 81559
2026-07-28T23:33:14-07:00,0, [N/A], 31868, 81559
2026-07-28T23:34:14-07:00,0, [N/A], 31868, 81559
2026-07-28T23:35:14-07:00,0, [N/A], 31868, 81559
2026-07-28T23:36:14-07:00,0, [N/A], 31868, 81559
2026-07-28T23:37:14-07:00,0, [N/A], 31868, 81559
2026-07-28T23:38:14-07:00,0, [N/A], 31868, 81559
2026-07-28T23:39:15-07:00,0, [N/A], 31868, 81559
2026-07-28T23:40:15-07:00,0, [N/A], 31868, 81559
2026-07-28T23:41:15-07:00,0, [N/A], 31868, 81559
2026-07-28T23:42:15-07:00,0, [N/A], 31868, 81559
2026-07-28T23:43:15-07:00,0, [N/A], 31868, 81559
2026-07-28T23:44:15-07:00,0, [N/A], 31868, 81559
2026-07-28T23:45:16-07:00,0, [N/A], 31868, 81559
2026-07-28T23:46:16-07:00,0, [N/A], 31868, 81559
2026-07-28T23:47:16-07:00,0, [N/A], 31868, 81559
2026-07-28T23:48:16-07:00,0, [N/A], 31868, 81559
2026-07-28T23:49:16-07:00,0, [N/A], 31868, 81559
2026-07-28T23:50:16-07:00,0, [N/A], 31868, 81559
2026-07-28T23:51:16-07:00,0, [N/A], 31868, 81559
2026-07-28T23:52:16-07:00,0, [N/A], 31868, 81559
2026-07-28T23:53:16-07:00,0, [N/A], 31868, 81559
2026-07-28T23:54:16-07:00,0, [N/A], 31868, 81559
2026-07-28T23:55:16-07:00,0, [N/A], 31868, 81559
2026-07-28T23:56:16-07:00,0, [N/A], 31868, 81559
2026-07-28T23:57:17-07:00,0, [N/A], 31868, 81559
2026-07-28T23:58:17-07:00,0, [N/A], 31868, 81559
2026-07-28T23:59:17-07:00,0, [N/A], 31868, 81559
2026-07-29T00:00:17-07:00,0, [N/A], 31868, 81559
2026-07-29T00:01:17-07:00,0, [N/A], 31868, 81559
2026-07-29T00:02:17-07:00,0, [N/A], 31868, 81559
2026-07-29T00:03:17-07:00,0, [N/A], 31868, 81559
2026-07-29T00:04:17-07:00,0, [N/A], 31868, 81559
2026-07-29T00:05:17-07:00,0, [N/A], 31868, 81559
2026-07-29T00:06:18-07:00,0, [N/A], 31868, 81559
2026-07-29T00:07:18-07:00,0, [N/A], 31868, 81559
2026-07-29T00:08:18-07:00,0, [N/A], 32074, 81559
2026-07-29T00:09:18-07:00,0, [N/A], 31914, 81559
2026-07-29T00:10:19-07:00,0, [N/A], 31914, 81559
2026-07-29T00:11:19-07:00,0, [N/A], 31914, 81559
2026-07-29T00:12:19-07:00,0, [N/A], 31914, 81559
2026-07-29T00:13:19-07:00,0, [N/A], 31914, 81559
2026-07-29T00:14:19-07:00,0, [N/A], 31914, 81559
2026-07-29T00:15:19-07:00,0, [N/A], 31914, 81559
2026-07-29T00:16:20-07:00,0, [N/A], 31914, 81559
2026-07-29T00:17:20-07:00,0, [N/A], 31914, 81559
2026-07-29T00:18:20-07:00,0, [N/A], 31914, 81559
2026-07-29T00:19:20-07:00,0, [N/A], 31914, 81559
2026-07-29T00:20:20-07:00,0, [N/A], 31914, 81559
2026-07-29T00:21:20-07:00,0, [N/A], 31914, 81559
2026-07-29T00:22:20-07:00,0, [N/A], 31914, 81559
2026-07-29T00:23:20-07:00,0, [N/A], 31914, 81559
2026-07-29T00:24:20-07:00,0, [N/A], 31914, 81559
2026-07-29T00:25:21-07:00,0, [N/A], 31914, 81559
2026-07-29T00:26:21-07:00,0, [N/A], 31914, 81559
2026-07-29T00:27:21-07:00,0, [N/A], 31914, 81559
2026-07-29T00:28:21-07:00,0, [N/A], 31914, 81559
2026-07-29T00:29:21-07:00,0, [N/A], 31914, 81559
2026-07-29T00:30:21-07:00,0, [N/A], 31914, 81559
2026-07-29T00:31:21-07:00,0, [N/A], 31914, 81559
2026-07-29T00:32:21-07:00,0, [N/A], 31914, 81559
2026-07-29T00:33:21-07:00,0, [N/A], 31914, 81559
2026-07-29T00:34:22-07:00,0, [N/A], 31914, 81559
2026-07-29T00:35:22-07:00,0, [N/A], 31914, 81559
2026-07-29T00:36:22-07:00,0, [N/A], 31914, 81559
2026-07-29T00:37:22-07:00,0, [N/A], 31914, 81559
2026-07-29T00:38:22-07:00,0, [N/A], 31914, 81559
2026-07-29T00:39:22-07:00,0, [N/A], 31914, 81559
2026-07-29T00:40:22-07:00,0, [N/A], 31914, 81559
2026-07-29T00:41:22-07:00,0, [N/A], 31914, 81559
2026-07-29T00:42:22-07:00,0, [N/A], 31914, 81559
2026-07-29T00:43:22-07:00,0, [N/A], 31914, 81559
2026-07-29T00:44:23-07:00,0, [N/A], 31914, 81559
2026-07-29T00:45:23-07:00,0, [N/A], 31914, 81559
2026-07-29T00:46:23-07:00,0, [N/A], 31914, 81559
2026-07-29T00:47:23-07:00,0, [N/A], 31914, 81559
2026-07-29T00:48:23-07:00,0, [N/A], 31914, 81559
2026-07-29T00:49:23-07:00,0, [N/A], 31914, 81559
2026-07-29T00:50:23-07:00,0, [N/A], 31914, 81559
2026-07-29T00:51:24-07:00,0, [N/A], 31914, 81559
2026-07-29T00:52:24-07:00,0, [N/A], 31914, 81559
2026-07-29T00:53:24-07:00,0, [N/A], 31914, 81559
2026-07-29T00:54:24-07:00,0, [N/A], 31914, 81559
2026-07-29T00:55:24-07:00,0, [N/A], 31914, 81559
2026-07-29T00:56:24-07:00,0, [N/A], 31914, 81559
2026-07-29T00:57:24-07:00,0, [N/A], 31914, 81559
2026-07-29T00:58:24-07:00,0, [N/A], 31914, 81559
2026-07-29T00:59:24-07:00,0, [N/A], 31914, 81559
2026-07-29T01:00:25-07:00,0, [N/A], 31914, 81559
2026-07-29T01:01:25-07:00,0, [N/A], 31914, 81559
2026-07-29T01:02:25-07:00,0, [N/A], 31914, 81559
2026-07-29T01:03:25-07:00,0, [N/A], 31914, 81559
2026-07-29T01:04:25-07:00,0, [N/A], 31914, 81559
2026-07-29T01:05:25-07:00,0, [N/A], 31914, 81559
2026-07-29T01:06:25-07:00,0, [N/A], 31914, 81559
2026-07-29T01:07:25-07:00,0, [N/A], 31914, 81559
2026-07-29T01:08:26-07:00,0, [N/A], 31914, 81559
2026-07-29T01:09:26-07:00,0, [N/A], 31914, 81559
2026-07-29T01:10:26-07:00,0, [N/A], 31914, 81559
2026-07-29T01:11:26-07:00,0, [N/A], 31914, 81559
2026-07-29T01:12:26-07:00,0, [N/A], 31914, 81559
2026-07-29T01:13:27-07:00,0, [N/A], 31914, 81559
2026-07-29T01:14:27-07:00,0, [N/A], 31914, 81559
2026-07-29T01:15:27-07:00,0, [N/A], 31914, 81559
2026-07-29T01:16:27-07:00,0, [N/A], 31914, 81559
2026-07-29T01:17:27-07:00,0, [N/A], 31914, 81559
2026-07-29T01:18:27-07:00,0, [N/A], 31914, 81559
2026-07-29T01:19:27-07:00,0, [N/A], 31914, 81559
2026-07-29T01:20:27-07:00,0, [N/A], 31914, 81559
2026-07-29T01:21:27-07:00,0, [N/A], 31914, 81559
2026-07-29T01:22:28-07:00,0, [N/A], 31914, 81559
2026-07-29T01:23:28-07:00,0, [N/A], 31914, 81559
2026-07-29T01:24:28-07:00,0, [N/A], 31914, 81559
2026-07-29T01:25:28-07:00,0, [N/A], 31914, 81559
2026-07-29T01:26:28-07:00,0, [N/A], 31914, 81559
2026-07-29T01:27:28-07:00,0, [N/A], 34994, 81559
2026-07-29T01:28:28-07:00,0, [N/A], 34994, 81559
2026-07-29T01:29:28-07:00,0, [N/A], 34994, 81559
2026-07-29T01:30:29-07:00,0, [N/A], 34994, 81559
2026-07-29T01:31:29-07:00,0, [N/A], 34994, 81559
2026-07-29T01:32:29-07:00,0, [N/A], 34994, 81559
2026-07-29T01:33:29-07:00,0, [N/A], 34994, 81559
2026-07-29T01:34:29-07:00,0, [N/A], 34994, 81559
2026-07-29T01:35:29-07:00,0, [N/A], 34994, 81559
2026-07-29T01:36:29-07:00,0, [N/A], 34994, 81559
2026-07-29T01:37:29-07:00,0, [N/A], 34994, 81559
2026-07-29T01:38:29-07:00,0, [N/A], 34994, 81559
2026-07-29T01:39:30-07:00,0, [N/A], 34994, 81559
2026-07-29T01:40:30-07:00,0, [N/A], 34994, 81559
2026-07-29T01:41:30-07:00,0, [N/A], 34994, 81559
2026-07-29T01:42:30-07:00,0, [N/A], 34994, 81559
2026-07-29T01:43:30-07:00,0, [N/A], 34994, 81559
2026-07-29T01:44:30-07:00,0, [N/A], 34994, 81559
2026-07-29T01:45:30-07:00,0, [N/A], 34994, 81559
2026-07-29T01:46:30-07:00,0, [N/A], 34994, 81559
2026-07-29T01:47:30-07:00,0, [N/A], 34994, 81559
2026-07-29T01:48:30-07:00,0, [N/A], 34994, 81559
2026-07-29T01:49:31-07:00,0, [N/A], 34994, 81559
2026-07-29T01:50:31-07:00,0, [N/A], 34994, 81559
2026-07-29T01:51:31-07:00,0, [N/A], 34994, 81559
2026-07-29T01:52:31-07:00,0, [N/A], 34994, 81559
2026-07-29T01:53:31-07:00,0, [N/A], 34994, 81559
2026-07-29T01:54:31-07:00,0, [N/A], 34994, 81559
2026-07-29T01:55:31-07:00,0, [N/A], 34994, 81559
2026-07-29T01:56:31-07:00,0, [N/A], 34994, 81559
2026-07-29T01:57:32-07:00,0, [N/A], 34994, 81559
2026-07-29T01:58:32-07:00,0, [N/A], 34994, 81559
2026-07-29T01:59:32-07:00,0, [N/A], 34994, 81559
2026-07-29T02:00:32-07:00,0, [N/A], 34994, 81559
2026-07-29T02:01:32-07:00,0, [N/A], 34994, 81559
2026-07-29T02:02:32-07:00,0, [N/A], 34994, 81559
2026-07-29T02:03:32-07:00,0, [N/A], 34994, 81559
2026-07-29T02:04:32-07:00,0, [N/A], 34994, 81559
2026-07-29T02:05:33-07:00,0, [N/A], 34994, 81559
2026-07-29T02:06:33-07:00,0, [N/A], 34994, 81559
2026-07-29T02:07:33-07:00,0, [N/A], 34994, 81559
2026-07-29T02:08:33-07:00,0, [N/A], 34994, 81559
2026-07-29T02:09:33-07:00,0, [N/A], 34994, 81559
2026-07-29T02:10:33-07:00,0, [N/A], 34994, 81559
2026-07-29T02:11:33-07:00,0, [N/A], 34994, 81559
2026-07-29T02:12:34-07:00,0, [N/A], 34994, 81559
2026-07-29T02:13:34-07:00,0, [N/A], 34994, 81559
2026-07-29T02:14:34-07:00,0, [N/A], 34994, 81559
2026-07-29T02:15:34-07:00,0, [N/A], 34994, 81559
2026-07-29T02:16:34-07:00,0, [N/A], 34994, 81559
2026-07-29T02:17:34-07:00,0, [N/A], 34994, 81559
2026-07-29T02:18:34-07:00,0, [N/A], 34994, 81559
2026-07-29T02:19:34-07:00,0, [N/A], 34994, 81559
2026-07-29T02:20:34-07:00,0, [N/A], 34994, 81559
2026-07-29T02:21:34-07:00,0, [N/A], 34996, 81559
2026-07-29T02:22:35-07:00,0, [N/A], 34996, 81559
2026-07-29T02:23:35-07:00,0, [N/A], 34996, 81559
2026-07-29T02:24:35-07:00,0, [N/A], 34996, 81559
2026-07-29T02:25:35-07:00,0, [N/A], 34996, 81559
2026-07-29T02:26:35-07:00,0, [N/A], 34996, 81559
2026-07-29T02:27:35-07:00,0, [N/A], 34996, 81559
2026-07-29T02:28:35-07:00,0, [N/A], 34996, 81559
2026-07-29T02:29:35-07:00,0, [N/A], 34996, 81559
2026-07-29T02:30:35-07:00,0, [N/A], 34996, 81559
2026-07-29T02:31:35-07:00,0, [N/A], 34996, 81559
2026-07-29T02:32:36-07:00,0, [N/A], 34996, 81559
2026-07-29T02:33:36-07:00,0, [N/A], 34996, 81559
2026-07-29T02:34:36-07:00,0, [N/A], 34996, 81559
2026-07-29T02:35:36-07:00,0, [N/A], 34996, 81559
2026-07-29T02:36:36-07:00,0, [N/A], 34996, 81559
2026-07-29T02:37:36-07:00,0, [N/A], 34996, 81559
2026-07-29T02:38:36-07:00,0, [N/A], 34996, 81559
2026-07-29T02:39:36-07:00,0, [N/A], 34996, 81559
2026-07-29T02:40:36-07:00,0, [N/A], 34996, 81559
2026-07-29T02:41:36-07:00,0, [N/A], 34996, 81559
2026-07-29T02:42:37-07:00,0, [N/A], 34996, 81559
2026-07-29T02:43:37-07:00,0, [N/A], 34996, 81559
2026-07-29T02:44:37-07:00,0, [N/A], 34996, 81559
2026-07-29T02:45:37-07:00,0, [N/A], 34996, 81559
2026-07-29T02:46:37-07:00,0, [N/A], 34996, 81559
2026-07-29T02:47:37-07:00,0, [N/A], 34996, 81559
2026-07-29T02:48:37-07:00,0, [N/A], 34996, 81559
2026-07-29T02:49:37-07:00,0, [N/A], 34996, 81559
2026-07-29T02:50:37-07:00,0, [N/A], 34996, 81559
2026-07-29T02:51:37-07:00,0, [N/A], 34996, 81559
2026-07-29T02:52:38-07:00,0, [N/A], 34996, 81559
2026-07-29T02:53:38-07:00,0, [N/A], 34996, 81559
2026-07-29T02:54:38-07:00,0, [N/A], 34996, 81559
2026-07-29T02:55:38-07:00,0, [N/A], 34996, 81559
2026-07-29T02:56:38-07:00,0, [N/A], 34996, 81559
2026-07-29T02:57:38-07:00,0, [N/A], 34996, 81559
2026-07-29T02:58:38-07:00,0, [N/A], 34996, 81559
2026-07-29T02:59:38-07:00,0, [N/A], 34996, 81559
2026-07-29T03:00:38-07:00,0, [N/A], 34996, 81559
2026-07-29T03:01:38-07:00,0, [N/A], 34996, 81559
2026-07-29T03:02:38-07:00,0, [N/A], 34996, 81559
2026-07-29T03:03:39-07:00,0, [N/A], 34996, 81559
2026-07-29T03:04:39-07:00,0, [N/A], 34996, 81559
2026-07-29T03:05:39-07:00,0, [N/A], 34996, 81559
2026-07-29T03:06:39-07:00,0, [N/A], 34996, 81559
2026-07-29T03:07:39-07:00,0, [N/A], 34996, 81559
2026-07-29T03:08:39-07:00,0, [N/A], 34996, 81559
2026-07-29T03:09:39-07:00,0, [N/A], 34996, 81559
2026-07-29T03:10:39-07:00,0, [N/A], 34996, 81559
2026-07-29T03:11:39-07:00,0, [N/A], 34996, 81559
2026-07-29T03:12:39-07:00,0, [N/A], 34996, 81559
2026-07-29T03:13:40-07:00,0, [N/A], 34996, 81559
2026-07-29T03:14:40-07:00,0, [N/A], 34996, 81559
2026-07-29T03:15:40-07:00,0, [N/A], 34996, 81559
2026-07-29T03:16:40-07:00,0, [N/A], 34996, 81559
2026-07-29T03:17:40-07:00,0, [N/A], 34996, 81559
2026-07-29T03:18:41-07:00,0, [N/A], 34996, 81559
2026-07-29T03:19:41-07:00,0, [N/A], 34996, 81559
2026-07-29T03:20:41-07:00,0, [N/A], 34996, 81559
2026-07-29T03:21:41-07:00,0, [N/A], 34996, 81559
2026-07-29T03:22:41-07:00,0, [N/A], 34996, 81559
2026-07-29T03:23:41-07:00,0, [N/A], 34996, 81559
2026-07-29T03:24:41-07:00,0, [N/A], 34996, 81559
2026-07-29T03:25:41-07:00,0, [N/A], 34996, 81559
2026-07-29T03:26:41-07:00,0, [N/A], 34996, 81559
2026-07-29T03:27:42-07:00,0, [N/A], 34996, 81559
2026-07-29T03:28:42-07:00,0, [N/A], 34996, 81559
2026-07-29T03:29:42-07:00,0, [N/A], 34996, 81559
2026-07-29T03:30:42-07:00,0, [N/A], 34996, 81559
2026-07-29T03:31:42-07:00,0, [N/A], 34996, 81559
2026-07-29T03:32:42-07:00,0, [N/A], 34996, 81559
2026-07-29T03:33:42-07:00,0, [N/A], 34996, 81559
2026-07-29T03:34:42-07:00,0, [N/A], 34996, 81559
2026-07-29T03:35:42-07:00,0, [N/A], 34996, 81559
2026-07-29T03:36:43-07:00,0, [N/A], 34996, 81559
2026-07-29T03:37:43-07:00,0, [N/A], 34996, 81559
2026-07-29T03:38:43-07:00,0, [N/A], 34996, 81559
2026-07-29T03:39:43-07:00,0, [N/A], 34996, 81559
2026-07-29T03:40:43-07:00,0, [N/A], 34996, 81559
2026-07-29T03:41:43-07:00,0, [N/A], 34996, 81559
2026-07-29T03:42:43-07:00,0, [N/A], 34996, 81559
2026-07-29T03:43:43-07:00,0, [N/A], 34996, 81559
2026-07-29T03:44:44-07:00,0, [N/A], 34996, 81559
2026-07-29T03:45:44-07:00,0, [N/A], 34996, 81559
2026-07-29T03:46:44-07:00,0, [N/A], 34996, 81559
2026-07-29T03:47:44-07:00,0, [N/A], 34996, 81559
2026-07-29T03:48:44-07:00,0, [N/A], 34996, 81559
2026-07-29T03:49:44-07:00,0, [N/A], 34996, 81559
2026-07-29T03:50:44-07:00,0, [N/A], 34996, 81559
2026-07-29T03:51:45-07:00,0, [N/A], 34996, 81559
2026-07-29T03:52:45-07:00,0, [N/A], 34996, 81559
2026-07-29T03:53:45-07:00,0, [N/A], 34996, 81559
2026-07-29T03:54:45-07:00,0, [N/A], 34996, 81559
2026-07-29T03:55:45-07:00,0, [N/A], 34996, 81559
2026-07-29T03:56:45-07:00,0, [N/A], 34996, 81559
2026-07-29T03:57:45-07:00,0, [N/A], 34996, 81559
2026-07-29T03:58:45-07:00,0, [N/A], 34996, 81559
2026-07-29T03:59:45-07:00,0, [N/A], 34996, 81559
2026-07-29T04:00:46-07:00,0, [N/A], 34996, 81559
2026-07-29T04:01:46-07:00,0, [N/A], 34996, 81559
2026-07-29T04:02:46-07:00,0, [N/A], 34996, 81559
2026-07-29T04:03:46-07:00,0, [N/A], 34996, 81559
2026-07-29T04:04:46-07:00,0, [N/A], 35176, 81559
2026-07-29T04:05:46-07:00,0, [N/A], 35016, 81559
2026-07-29T04:06:46-07:00,0, [N/A], 35016, 81559
2026-07-29T04:07:46-07:00,0, [N/A], 35016, 81559
2026-07-29T04:08:47-07:00,0, [N/A], 35016, 81559
2026-07-29T04:09:47-07:00,0, [N/A], 35016, 81559
2026-07-29T04:10:47-07:00,0, [N/A], 35016, 81559
2026-07-29T04:11:47-07:00,0, [N/A], 35016, 81559
2026-07-29T04:12:47-07:00,0, [N/A], 35016, 81559
2026-07-29T04:13:47-07:00,0, [N/A], 35016, 81559
2026-07-29T04:14:47-07:00,0, [N/A], 35016, 81559
2026-07-29T04:15:47-07:00,0, [N/A], 35016, 81559
2026-07-29T04:16:47-07:00,0, [N/A], 35016, 81559
2026-07-29T04:17:48-07:00,0, [N/A], 35016, 81559
2026-07-29T04:18:48-07:00,0, [N/A], 35016, 81559
2026-07-29T04:19:48-07:00,0, [N/A], 35016, 81559
2026-07-29T04:20:48-07:00,0, [N/A], 35016, 81559
2026-07-29T04:21:48-07:00,0, [N/A], 35016, 81559
2026-07-29T04:22:48-07:00,0, [N/A], 35016, 81559
2026-07-29T04:23:48-07:00,0, [N/A], 35016, 81559
2026-07-29T04:24:48-07:00,0, [N/A], 35016, 81559
2026-07-29T04:25:48-07:00,0, [N/A], 35016, 81559
2026-07-29T04:26:48-07:00,0, [N/A], 35016, 81559
2026-07-29T04:27:49-07:00,0, [N/A], 35016, 81559
2026-07-29T04:28:49-07:00,0, [N/A], 35016, 81559
2026-07-29T04:29:49-07:00,0, [N/A], 35016, 81559
2026-07-29T04:30:49-07:00,0, [N/A], 35016, 81559
2026-07-29T04:31:49-07:00,0, [N/A], 35016, 81559
2026-07-29T04:32:49-07:00,0, [N/A], 35016, 81559
2026-07-29T04:33:50-07:00,0, [N/A], 35016, 81559
2026-07-29T04:34:50-07:00,0, [N/A], 35016, 81559
2026-07-29T04:35:50-07:00,0, [N/A], 35016, 81559
2026-07-29T04:36:50-07:00,0, [N/A], 35016, 81559
2026-07-29T04:37:50-07:00,0, [N/A], 35016, 81559
2026-07-29T04:38:50-07:00,0, [N/A], 35016, 81559
2026-07-29T04:39:50-07:00,0, [N/A], 35016, 81559
2026-07-29T04:40:50-07:00,0, [N/A], 35016, 81559
2026-07-29T04:41:50-07:00,0, [N/A], 35016, 81559
2026-07-29T04:42:50-07:00,0, [N/A], 35016, 81559
2026-07-29T04:43:50-07:00,0, [N/A], 35016, 81559
2026-07-29T04:44:51-07:00,0, [N/A], 35016, 81559
2026-07-29T04:45:51-07:00,0, [N/A], 35016, 81559
2026-07-29T04:46:51-07:00,0, [N/A], 35016, 81559
2026-07-29T04:47:51-07:00,0, [N/A], 35016, 81559
2026-07-29T04:48:51-07:00,0, [N/A], 35016, 81559
2026-07-29T04:49:51-07:00,0, [N/A], 35016, 81559
2026-07-29T04:50:51-07:00,0, [N/A], 35016, 81559
2026-07-29T04:51:52-07:00,0, [N/A], 35016, 81559
2026-07-29T04:52:52-07:00,0, [N/A], 35016, 81559
2026-07-29T04:53:52-07:00,0, [N/A], 35016, 81559
2026-07-29T04:54:52-07:00,0, [N/A], 35016, 81559
2026-07-29T04:55:52-07:00,0, [N/A], 35016, 81559
2026-07-29T04:56:52-07:00,0, [N/A], 35016, 81559
2026-07-29T04:57:52-07:00,0, [N/A], 35016, 81559
2026-07-29T04:58:52-07:00,0, [N/A], 35016, 81559
2026-07-29T04:59:52-07:00,0, [N/A], 35016, 81559
2026-07-29T05:00:53-07:00,0, [N/A], 35016, 81559
2026-07-29T05:01:53-07:00,0, [N/A], 35016, 81559
2026-07-29T05:02:53-07:00,0, [N/A], 35016, 81559
2026-07-29T05:03:53-07:00,0, [N/A], 35016, 81559
2026-07-29T05:04:53-07:00,0, [N/A], 35016, 81559
2026-07-29T05:05:53-07:00,0, [N/A], 35016, 81559
2026-07-29T05:06:53-07:00,0, [N/A], 35016, 81559
2026-07-29T05:07:53-07:00,0, [N/A], 35016, 81559
2026-07-29T05:08:53-07:00,0, [N/A], 35016, 81559
2026-07-29T05:09:54-07:00,0, [N/A], 35016, 81559
2026-07-29T05:10:54-07:00,0, [N/A], 35016, 81559
2026-07-29T05:11:54-07:00,0, [N/A], 35016, 81559
2026-07-29T05:12:54-07:00,0, [N/A], 35016, 81559
2026-07-29T05:13:54-07:00,0, [N/A], 35016, 81559
2026-07-29T05:14:54-07:00,0, [N/A], 35016, 81559
2026-07-29T05:15:54-07:00,0, [N/A], 35016, 81559
2026-07-29T05:16:54-07:00,0, [N/A], 35016, 81559
2026-07-29T05:17:54-07:00,0, [N/A], 35016, 81559
2026-07-29T05:18:55-07:00,0, [N/A], 35016, 81559
2026-07-29T05:19:55-07:00,0, [N/A], 35016, 81559
2026-07-29T05:20:55-07:00,0, [N/A], 35016, 81559
2026-07-29T05:21:55-07:00,0, [N/A], 35016, 81559
2026-07-29T05:22:55-07:00,0, [N/A], 35016, 81559
2026-07-29T05:23:55-07:00,0, [N/A], 35016, 81559
2026-07-29T05:24:55-07:00,0, [N/A], 35016, 81559
2026-07-29T05:25:55-07:00,0, [N/A], 35016, 81559
2026-07-29T05:26:55-07:00,0, [N/A], 35016, 81559
2026-07-29T05:27:55-07:00,0, [N/A], 35016, 81559
2026-07-29T05:28:56-07:00,0, [N/A], 35016, 81559
2026-07-29T05:29:56-07:00,0, [N/A], 35016, 81559
2026-07-29T05:30:56-07:00,0, [N/A], 35016, 81559
2026-07-29T05:31:56-07:00,0, [N/A], 35016, 81559
2026-07-29T05:32:56-07:00,0, [N/A], 35016, 81559
2026-07-29T05:33:56-07:00,0, [N/A], 35016, 81559
2026-07-29T05:34:56-07:00,0, [N/A], 35016, 81559
2026-07-29T05:35:56-07:00,0, [N/A], 35016, 81559
2026-07-29T05:36:57-07:00,0, [N/A], 35016, 81559
2026-07-29T05:37:57-07:00,0, [N/A], 35056, 81559
2026-07-29T05:38:57-07:00,0, [N/A], 35056, 81559
2026-07-29T05:39:57-07:00,0, [N/A], 35056, 81559
2026-07-29T05:40:57-07:00,0, [N/A], 35056, 81559
2026-07-29T05:41:57-07:00,0, [N/A], 35056, 81559
2026-07-29T05:42:57-07:00,0, [N/A], 35056, 81559
2026-07-29T05:43:58-07:00,0, [N/A], 35056, 81559
2026-07-29T05:44:58-07:00,0, [N/A], 35056, 81559
2026-07-29T05:45:58-07:00,0, [N/A], 35056, 81559
2026-07-29T05:46:58-07:00,0, [N/A], 35056, 81559
2026-07-29T05:47:58-07:00,0, [N/A], 35056, 81559
2026-07-29T05:48:58-07:00,0, [N/A], 35056, 81559
2026-07-29T05:49:58-07:00,0, [N/A], 35056, 81559
2026-07-29T05:50:58-07:00,0, [N/A], 35056, 81559
2026-07-29T05:51:58-07:00,0, [N/A], 35056, 81559
2026-07-29T05:52:58-07:00,0, [N/A], 35056, 81559
2026-07-29T05:53:58-07:00,0, [N/A], 35056, 81559
2026-07-29T05:54:59-07:00,0, [N/A], 35056, 81559
2026-07-29T05:55:59-07:00,0, [N/A], 35056, 81559
2026-07-29T05:56:59-07:00,0, [N/A], 35056, 81559
2026-07-29T05:57:59-07:00,0, [N/A], 35056, 81559
2026-07-29T05:58:59-07:00,0, [N/A], 35056, 81559
2026-07-29T05:59:59-07:00,0, [N/A], 35056, 81559
2026-07-29T06:01:00-07:00,0, [N/A], 35056, 81559
2026-07-29T06:02:00-07:00,0, [N/A], 35056, 81559
2026-07-29T06:03:00-07:00,0, [N/A], 35056, 81559
2026-07-29T06:04:00-07:00,0, [N/A], 35056, 81559
2026-07-29T06:05:00-07:00,0, [N/A], 35056, 81559
2026-07-29T06:06:00-07:00,0, [N/A], 35056, 81559
2026-07-29T06:07:00-07:00,0, [N/A], 35056, 81559
2026-07-29T06:08:00-07:00,0, [N/A], 35016, 81559
2026-07-29T06:09:00-07:00,0, [N/A], 35016, 81559
2026-07-29T06:10:00-07:00,0, [N/A], 35016, 81559
2026-07-29T06:11:00-07:00,0, [N/A], 35016, 81559
2026-07-29T06:12:01-07:00,0, [N/A], 35016, 81559
2026-07-29T06:13:01-07:00,0, [N/A], 35016, 81559
2026-07-29T06:14:01-07:00,0, [N/A], 35016, 81559
2026-07-29T06:15:01-07:00,0, [N/A], 35016, 81559
2026-07-29T06:16:01-07:00,0, [N/A], 35016, 81559
2026-07-29T06:17:01-07:00,0, [N/A], 35016, 81559
2026-07-29T06:18:01-07:00,0, [N/A], 35016, 81559
2026-07-29T06:19:01-07:00,0, [N/A], 35016, 81559
2026-07-29T06:20:01-07:00,0, [N/A], 35016, 81559
2026-07-29T06:21:01-07:00,0, [N/A], 35016, 81559
2026-07-29T06:22:02-07:00,0, [N/A], 35016, 81559
2026-07-29T06:23:02-07:00,0, [N/A], 35016, 81559
2026-07-29T06:24:02-07:00,0, [N/A], 35016, 81559
2026-07-29T06:25:02-07:00,0, [N/A], 35016, 81559
2026-07-29T06:26:02-07:00,0, [N/A], 35016, 81559
2026-07-29T06:27:02-07:00,0, [N/A], 35016, 81559
2026-07-29T06:28:02-07:00,0, [N/A], 35016, 81559
2026-07-29T06:29:02-07:00,0, [N/A], 35016, 81559
2026-07-29T06:30:02-07:00,0, [N/A], 35016, 81559
2026-07-29T06:31:03-07:00,0, [N/A], 35016, 81559
2026-07-29T06:32:03-07:00,0, [N/A], 35016, 81559
2026-07-29T06:33:03-07:00,0, [N/A], 7866, 81559
2026-07-29T06:34:03-07:00,0, [N/A], 7865, 81559
